place_id,location_name,address,latitude,longitude,original_place_bbox,building_id,building_bbox,final_bbox,bbox_method,building_area_m2
662979bf-bbcc-46de-9fb7-728d9e70089a,Michigan Creek (vattendrag i Kanada),,48.72596,-125.07119,"[-125.07120513916016, 48.72595977783203, -125.0711898803711, 48.72596740722656]",,,"[-125.07120513916016, 48.72595977783203, -125.0711898803711, 48.72596740722656]",original_place,
06f0b249-ee77-4366-a02d-347739c3838b,Pachena Point Light,,48.722113,-125.097563,"[-125.09756469726562, 48.72210693359375, -125.09754943847656, 48.72211456298828]",,,"[-125.09756469726562, 48.72210693359375, -125.09754943847656, 48.72211456298828]",original_place,
e01b9e9d-2cf9-4147-b98e-d57e658057af,"Black River (vattendrag i Kanada, British Columbia)",,48.73177,-125.11248,"[-125.11248016357422, 48.73176956176758, -125.11246490478516, 48.73177719116211]",,,"[-125.11248016357422, 48.73176956176758, -125.11246490478516, 48.73177719116211]",original_place,
373d81f9-7672-436f-82b9-5f35d77bc6f8,Mabens Beach,,48.75866311,-125.12696135,"[-125.1269760131836, 48.7586555480957, -125.12696075439453, 48.758663177490234]",,,"[-125.1269760131836, 48.7586555480957, -125.12696075439453, 48.758663177490234]",original_place,
00224d36-647f-4400-9e48-4e6f1483fd49,Pacific Rim National Park,,48.76305770874,-125.12013244629,"[-125.12014770507812, 48.7630500793457, -125.12013244628906, 48.763057708740234]",,,"[-125.12014770507812, 48.7630500793457, -125.12013244628906, 48.763057708740234]",original_place,
ae13bf95-7032-4fb4-b939-5306a31bb92c,Tsocowis Creek,,48.71682854,-125.0147695,"[-125.0147705078125, 48.716827392578125, -125.01475524902344, 48.716835021972656]",,,"[-125.0147705078125, 48.716827392578125, -125.01475524902344, 48.716835021972656]",original_place,
176d25c5-8499-434f-88a2-4fdc7603006b,Darling River (vattendrag i Kanada),,48.72347,-125.05171,"[-125.05171203613281, 48.72346878051758, -125.05169677734375, 48.72347640991211]",,,"[-125.05171203613281, 48.72346878051758, -125.05169677734375, 48.72347640991211]",original_place,
1c06c0e9-e758-4558-9031-5719b8d58af8,Orange Juice Creek,,48.72098,-125.03695,"[-125.0369644165039, 48.72097396850586, -125.03694915771484, 48.72098159790039]",,,"[-125.0369644165039, 48.72097396850586, -125.03694915771484, 48.72098159790039]",original_place,
71e4787f-7e2d-433e-b28d-3c415626af30,Billy Goat Creek (vattendrag i Kanada),,48.71203,-125.0057,"[-125.0057144165039, 48.71202850341797, -125.00569915771484, 48.7120361328125]",,,"[-125.0057144165039, 48.71202850341797, -125.00569915771484, 48.7120361328125]",original_place,
f3c245fc-7952-44dd-91bd-6ae40168f9dc,Trestle Creek,,48.70541,-124.97807,"[-124.97807312011719, 48.70540237426758, -124.97805786132812, 48.70541000366211]",,,"[-124.97807312011719, 48.70540237426758, -124.97805786132812, 48.70541000366211]",original_place,
e4f6a431-7888-4f95-8ad3-82e9cbc29b07,Valencia Bluffs,,48.70167,-124.97326,"[-124.97327423095703, 48.701663970947266, -124.97325897216797, 48.7016716003418]",,,"[-124.97327423095703, 48.701663970947266, -124.97325897216797, 48.7016716003418]",original_place,
cb6dc98f-43b1-45f7-91bd-b72e67ab0643,Klanawa River,,48.70009455,-124.94825173,"[-124.9482650756836, 48.70008850097656, -124.94824981689453, 48.700096130371094]",,,"[-124.9482650756836, 48.70008850097656, -124.94824981689453, 48.700096130371094]",original_place,
d31bf30e-4a61-426c-99d3-e6599546b1f8,Tsusiat Lake,,48.71611,-124.88222,"[-124.88223266601562, 48.716102600097656, -124.88221740722656, 48.71611022949219]",,,"[-124.88223266601562, 48.716102600097656, -124.88221740722656, 48.71611022949219]",original_place,
e5086989-f1ca-4bdd-98f7-ef444f157da8,Little Tsusiat Lake,,48.69597765,-124.91556272,"[-124.91556549072266, 48.69597625732422, -124.9155502319336, 48.69598388671875]",,,"[-124.91556549072266, 48.69597625732422, -124.9155502319336, 48.69598388671875]",original_place,
e3240662-ec52-460c-9abc-c43d2fb56aef,Tsusiat Point,West Coast Trail,48.68154735,-124.91092764,"[-124.91094207763672, 48.681541442871094, -124.91092681884766, 48.681549072265625]",,,"[-124.91094207763672, 48.681541442871094, -124.91092681884766, 48.681549072265625]",original_place,
9062b007-b9d5-4819-b1d4-074713770daf,Tsuquadra Point,,48.67592,-124.88275,"[-124.88275146484375, 48.67591857910156, -124.88273620605469, 48.675926208496094]",,,"[-124.88275146484375, 48.67591857910156, -124.88273620605469, 48.675926208496094]",original_place,
28167517-3cfd-4068-b684-0bf676696e21,Tsusiat River,,48.69294,-124.92103,"[-124.9210433959961, 48.69293975830078, -124.92102813720703, 48.69294738769531]",,,"[-124.9210433959961, 48.69293975830078, -124.92102813720703, 48.69294738769531]",original_place,
c7418028-b374-4f37-bd09-d87145b66fa7,Cribs Creek,,48.62673,-124.76186,"[-124.7618637084961, 48.62672424316406, -124.76184844970703, 48.626731872558594]",,,"[-124.7618637084961, 48.62672424316406, -124.76184844970703, 48.626731872558594]",original_place,
26f44f66-6623-4a4e-a9b1-87a79cc94d74,Dare Point,,48.64992,-124.80426,"[-124.80426025390625, 48.6499137878418, -124.80424499511719, 48.64992141723633]",,,"[-124.80426025390625, 48.6499137878418, -124.80424499511719, 48.64992141723633]",original_place,
54a3eb33-0b66-49b1-82e3-add56cfb2ba7,West Coast Trail,"Vancouver Island, British Columbia",48.661267418864,-124.81142520905,"[-124.81143951416016, 48.6612663269043, -124.8114242553711, 48.66127395629883]",,,"[-124.81143951416016, 48.6612663269043, -124.8114242553711, 48.66127395629883]",original_place,
e09fb7dd-db02-4a86-bfc9-1e1eb6e49522,Cheewat Indian Reserve 4A,,48.66223,-124.80529,"[-124.80529022216797, 48.66222381591797, -124.8052749633789, 48.6622314453125]",,,"[-124.80529022216797, 48.66222381591797, -124.8052749633789, 48.6622314453125]",original_place,
41452083-d1e7-4cea-b759-4df7fe4a991b,Cheewhat River,,48.66272226,-124.81040054,"[-124.8104019165039, 48.662715911865234, -124.81038665771484, 48.662723541259766]",,,"[-124.8104019165039, 48.662715911865234, -124.81038665771484, 48.662723541259766]",original_place,
64da181e-ade3-4b86-99be-30c410d5fcdf,Cannery Bay,,48.68933547,-124.85065394,"[-124.85065460205078, 48.689334869384766, -124.85063934326172, 48.6893424987793]",,,"[-124.85065460205078, 48.689334869384766, -124.85063934326172, 48.6893424987793]",original_place,
fc25ac92-55da-41ac-9abb-dd8027b9a60e,Clo-oose Creek,,48.66265,-124.82477,"[-124.82478332519531, 48.66264343261719, -124.82476806640625, 48.66265106201172]",,,"[-124.82478332519531, 48.66264343261719, -124.82476806640625, 48.66265106201172]",original_place,
43296213-040a-4de6-b3ee-0f0f9f204152,Claoose Indian Reserve 4,,48.66628,-124.83605,"[-124.83605194091797, 48.66627883911133, -124.8360366821289, 48.66628646850586]",,,"[-124.83605194091797, 48.66627883911133, -124.8360366821289, 48.66628646850586]",original_place,
5bc24039-e993-49b0-84c9-385cf5f7aa68,Stanley Beach (strand i Kanada),,48.66418,-124.83968,"[-124.83968353271484, 48.6641731262207, -124.83966827392578, 48.664180755615234]",,,"[-124.83968353271484, 48.6641731262207, -124.83966827392578, 48.664180755615234]",original_place,
d5b21f82-2505-4ce0-89f2-90425430d6e5,Nitinat Narrows,,48.66888987,-124.8518077,"[-124.85182189941406, 48.668888092041016, -124.851806640625, 48.66889572143555]",,,"[-124.85182189941406, 48.668888092041016, -124.851806640625, 48.66889572143555]",original_place,
a1386cd0-144f-480c-9663-d6cf2696b29f,Little Squalicum Lake,,48.71633107,-124.84270736,"[-124.84272003173828, 48.71632385253906, -124.84270477294922, 48.716331481933594]",,,"[-124.84272003173828, 48.71632385253906, -124.84270477294922, 48.716331481933594]",original_place,
f801aeaf-87e0-4972-ab91-16d23691e059,Squalicum Lake (sjö i Kanada),,48.73972,-124.8125,"[-124.8125, 48.73971939086914, -124.8125, 48.73972702026367]",,,"[-124.8125, 48.73971939086914, -124.8125, 48.73972702026367]",original_place,
8bb6363b-08e4-4d78-ab4e-6426c9a30f22,Hobiton Lake,,48.7560619,-124.79987785,"[-124.79988098144531, 48.75606155395508, -124.79986572265625, 48.75606918334961]",,,"[-124.79988098144531, 48.75606155395508, -124.79986572265625, 48.75606918334961]",original_place,
83564644-56ff-4ff9-ae26-ce1e6817b0a8,Doobah Lake,,48.72143994,-124.75136848,"[-124.75138092041016, 48.721439361572266, -124.7513656616211, 48.7214469909668]",,,"[-124.75138092041016, 48.721439361572266, -124.7513656616211, 48.7214469909668]",original_place,
e461226e-dee1-4d5c-a01f-d49c86b4cd6a,Nitinat Lake,,48.75143538663,-124.7339630127,"[-124.73397827148438, 48.751434326171875, -124.73396301269531, 48.751441955566406]",,,"[-124.73397827148438, 48.751434326171875, -124.73396301269531, 48.751441955566406]",original_place,
e0b6b494-0256-42e7-9cf9-32b922469373,"Marchand Creek (vattendrag i Kanada, British Columbia)",,48.74849,-124.72551,"[-124.72552490234375, 48.74848937988281, -124.72550964355469, 48.748497009277344]",,,"[-124.72552490234375, 48.74848937988281, -124.72550964355469, 48.748497009277344]",original_place,
981c15bd-c3b4-41fd-b2d4-abd06c968fe3,Mount Rosander,,48.7605,-124.6819,"[-124.68190002441406, 48.760494232177734, -124.681884765625, 48.760501861572266]",,,"[-124.68190002441406, 48.760494232177734, -124.681884765625, 48.760501861572266]",original_place,
3eff0408-7c10-4ac0-9222-f89097e64878,Carmanah Mountain,,48.68222006,-124.7100046,"[-124.71000671386719, 48.682212829589844, -124.70999145507812, 48.682220458984375]",,,"[-124.71000671386719, 48.682212829589844, -124.70999145507812, 48.682220458984375]",original_place,
ade45749-ee1b-4f2b-9af2-2fd149cf347d,Cheewhat Lake,,48.69151447,-124.75549567,"[-124.75550842285156, 48.69151306152344, -124.7554931640625, 48.69152069091797]",,,"[-124.75550842285156, 48.69151306152344, -124.7554931640625, 48.69152069091797]",original_place,
bca17904-c01d-4bd0-8756-f3003b252657,Carmanah Walbran Provincial Park, ,48.660263,-124.698281,"[-124.69829559326172, 48.660255432128906, -124.69828033447266, 48.66026306152344]",,,"[-124.69829559326172, 48.660255432128906, -124.69828033447266, 48.66026306152344]",original_place,
b899edd1-bf9d-4516-9e09-3560ce291f59,Carmanah Walbran Provincial Park,,48.65,-124.65,"[-124.6500015258789, 48.649993896484375, -124.64998626708984, 48.650001525878906]",,,"[-124.6500015258789, 48.649993896484375, -124.64998626708984, 48.650001525878906]",original_place,
f64ef356-60b5-40d2-9b3c-fd894cb9a5c7,Walbran Creek,,48.58188458,-124.65331711,"[-124.6533203125, 48.581878662109375, -124.65330505371094, 48.581886291503906]",,,"[-124.6533203125, 48.581878662109375, -124.65330505371094, 48.581886291503906]",original_place,
55031884-b02e-4ae5-8a51-ccb12dee050a,Vancouver Point (udde i Kanada),,48.58461,-124.6774,"[-124.67741394042969, 48.58460998535156, -124.67739868164062, 48.584617614746094]",,,"[-124.67741394042969, 48.58460998535156, -124.67739868164062, 48.584617614746094]",original_place,
47658613-f7cd-417f-baaa-84b9d01483b0,Bonilla Point,,48.59421,-124.71585,"[-124.71585083007812, 48.59420394897461, -124.71583557128906, 48.59421157836914]",,,"[-124.71585083007812, 48.59420394897461, -124.71583557128906, 48.59421157836914]",original_place,
ef17db84-06cc-4a69-916a-48a2db410d21,Bonilla Creek,,48.59818,-124.71843,"[-124.71844482421875, 48.59817886352539, -124.71842956542969, 48.59818649291992]",,,"[-124.71844482421875, 48.59817886352539, -124.71842956542969, 48.59818649291992]",original_place,
fee86238-a432-4883-99bd-56c956652a94,Carmanah Crk,,48.60681427,-124.72354517,"[-124.72354888916016, 48.606807708740234, -124.7235336303711, 48.606815338134766]",,,"[-124.72354888916016, 48.606807708740234, -124.7235336303711, 48.606815338134766]",original_place,
4197d910-3dd8-47af-9aac-a33429c647d2,Carmanah Point Light Station,,48.61173567,-124.75112854,"[-124.75112915039062, 48.61172866821289, -124.75111389160156, 48.61173629760742]",,,"[-124.75112915039062, 48.61172866821289, -124.75111389160156, 48.61173629760742]",original_place,
0f57eeea-ebd5-427b-8d86-fea299635492,Dare Beach,,48.62338324,-124.76632615,"[-124.76632690429688, 48.623382568359375, -124.76631164550781, 48.623390197753906]",,,"[-124.76632690429688, 48.623382568359375, -124.76631164550781, 48.623390197753906]",original_place,
faf38dc9-3e13-48ec-9799-626044d976bc,Botanical Beach,,48.52552916,-124.44272756,"[-124.44274139404297, 48.52552795410156, -124.4427261352539, 48.525535583496094]",,,"[-124.44274139404297, 48.52552795410156, -124.4427261352539, 48.525535583496094]",original_place,
6974f331-44d8-43c3-8c8f-5f996c125e70,"Botanical Beach, Juan De Fuca",,48.529194149685,-124.45144721043,"[-124.45146179199219, 48.52919387817383, -124.45144653320312, 48.52920150756836]",,,"[-124.45146179199219, 48.52919387817383, -124.45144653320312, 48.52920150756836]",original_place,
0e961174-f4d6-44e0-8f68-88880e12202d,Tom Baird Creek,,48.52525,-124.43021,"[-124.43022155761719, 48.52524948120117, -124.43020629882812, 48.5252571105957]",,,"[-124.43022155761719, 48.52524948120117, -124.43020629882812, 48.5252571105957]",original_place,
fcc00fa1-ffbf-4de0-a700-49d1b54e230c,Payzant Creek,,48.52027032,-124.3951461,"[-124.39514923095703, 48.520263671875, -124.39513397216797, 48.52027130126953]",,,"[-124.39514923095703, 48.520263671875, -124.39513397216797, 48.52027130126953]",original_place,
8df84b5c-22e4-4dec-b2a4-9a8f57d6cf9c,Soule Creek Lodge,6215 Powder Main Rd,48.54403892,-124.41291002,"[-124.41291046142578, 48.54403305053711, -124.41289520263672, 48.54404067993164]",,,"[-124.41291046142578, 48.54403305053711, -124.41289520263672, 48.54404067993164]",original_place,
db44ca4f-660d-47f2-bb3e-bd5ee7e041bc,Anomaly Tea,17293 Parkinson Rd,48.5519439,-124.4197757,"[-124.4197769165039, 48.551937103271484, -124.41976165771484, 48.551944732666016]",,,"[-124.4197769165039, 48.551937103271484, -124.41976165771484, 48.551944732666016]",original_place,
ba1c9cf8-34ac-483a-9e3a-d46a086ee1f1,Coastal Kitchen Cafe,17245 Parkinson Rd,48.55179442,-124.42022461,"[-124.42022705078125, 48.551788330078125, -124.42021179199219, 48.551795959472656]",,,"[-124.42022705078125, 48.551788330078125, -124.42021179199219, 48.551795959472656]",original_place,
fef6000a-3a65-4af9-ba81-3b355cdc2b6f,Port Renfrew Hotel,3 Parkinson Rd Ground Lvl,48.55331518456681,-124.42175202081987,"[-124.4217529296875, 48.553314208984375, -124.42173767089844, 48.553321838378906]",efcd1326-7712-4cce-a8b7-bf3d03c13702,"[-124.42192840576172, 48.55321502685547, -124.42163848876953, 48.55353546142578]","[-124.42192840576172, 48.55321502685547, -124.42163848876953, 48.55353546142578]",building,
62db51d1-27d6-4d81-aaba-5ea8ee7e70db,Botanical Beach,Cerantes Rd Port Renfrew,48.553315,-124.421752,"[-124.4217529296875, 48.553314208984375, -124.42173767089844, 48.553321838378906]",efcd1326-7712-4cce-a8b7-bf3d03c13702,"[-124.42192840576172, 48.55321502685547, -124.42163848876953, 48.55353546142578]","[-124.42192840576172, 48.55321502685547, -124.42163848876953, 48.55353546142578]",building,
962b53a3-0a6a-4179-9762-3a150185454d,handsome dans wild coast cottages,6574 Baird Rd,48.553056408889546,-124.42228494570519,"[-124.42228698730469, 48.55305480957031, -124.42227172851562, 48.553062438964844]",,,"[-124.42228698730469, 48.55305480957031, -124.42227172851562, 48.553062438964844]",original_place,
93e1d7e1-1952-4e25-92a0-8abbef9a296c,Seafoam Seafoods,17296 Parkinson Rd,48.55263322,-124.42203967,"[-124.42204284667969, 48.55263137817383, -124.42202758789062, 48.55263900756836]",,,"[-124.42204284667969, 48.55263137817383, -124.42202758789062, 48.55263900756836]",original_place,
7a8c9eb4-441d-47d8-b8f6-76b915570f0d,The Renfrew Pub,17310 Parkinson Rd,48.55329088,-124.42184115,"[-124.42184448242188, 48.55328369140625, -124.42182922363281, 48.55329132080078]",efcd1326-7712-4cce-a8b7-bf3d03c13702,"[-124.42192840576172, 48.55321502685547, -124.42163848876953, 48.55353546142578]","[-124.42192840576172, 48.55321502685547, -124.42163848876953, 48.55353546142578]",building,
c2638aad-f8c2-4545-b511-e56495a981a3,Juan de Fuca Provincial Park,Highway 14,48.55155581482,-124.4218414537,"[-124.42184448242188, 48.55155563354492, -124.42182922363281, 48.55156326293945]",,,"[-124.42184448242188, 48.55155563354492, -124.42182922363281, 48.55156326293945]",original_place,
4493437a-f9fc-47d1-a2d7-f2004f3ba743,Wild Coast Wilderness Resort,17268 Parkinson Rd,48.5517925,-124.4214868,"[-124.42150115966797, 48.55179214477539, -124.4214859008789, 48.55179977416992]",2cd5e339-9ab3-4091-a24b-75cd82b81b72,"[-124.42159271240234, 48.55173110961914, -124.42141723632812, 48.55192184448242]","[-124.42159271240234, 48.55173110961914, -124.42141723632812, 48.55192184448242]",building,
7c5116c9-a585-45d4-8b5c-27d8f0aa459a,Renny's Highway 14 Old School Grub,17271 Parkinson Rd,48.55135584,-124.42203008,"[-124.42204284667969, 48.55134963989258, -124.42202758789062, 48.55135726928711]",,,"[-124.42204284667969, 48.55134963989258, -124.42202758789062, 48.55135726928711]",original_place,
d7d509c1-43cd-42f2-a54e-a590311b25ff,West Coast Trail Lodge,17293 Parkinson Rd,48.55064021,-124.42422422,"[-124.42422485351562, 48.55064010620117, -124.42420959472656, 48.5506477355957]",9677dd1f-f767-4e3a-b470-c921313ad1b8,"[-124.42445373535156, 48.55050277709961, -124.424072265625, 48.55070877075195]","[-124.42445373535156, 48.55050277709961, -124.424072265625, 48.55070877075195]",building,
add79061-da67-4e5f-8fdf-18d4b092e4e1,Botanical Getaway Guest House,6528 Cerantes Rd,48.55110898,-124.42704165,"[-124.42705535888672, 48.55110168457031, -124.42704010009766, 48.551109313964844]",,,"[-124.42705535888672, 48.55110168457031, -124.42704010009766, 48.551109313964844]",original_place,
c5e292d8-8158-4186-b701-1774e7d4fdb6,"Baird Beach, Port Renfrew",,48.549869434490425,-124.4293454021286,"[-124.42935943603516, 48.549861907958984, -124.4293441772461, 48.549869537353516]",,,"[-124.42935943603516, 48.549861907958984, -124.4293441772461, 48.549869537353516]",original_place,
0301b7a3-0a95-4b45-8291-1d5de51d60ec,Mill Bay,,48.54742131,-124.43903405,"[-124.43904876708984, 48.547420501708984, -124.43903350830078, 48.547428131103516]",,,"[-124.43904876708984, 48.547420501708984, -124.43903350830078, 48.547428131103516]",original_place,
2fc4b6d9-594d-4586-815f-2b4afcbeb2f0,San Juan Point (udde i Kanada),,48.53144,-124.45763,"[-124.4576416015625, 48.53143310546875, -124.45762634277344, 48.53144073486328]",,,"[-124.4576416015625, 48.53143310546875, -124.45762634277344, 48.53144073486328]",original_place,
f7dd38c6-db9d-4c36-a8ae-a82684c9602d,Botanical Beach Provincial Park,,48.531445843996,-124.45575255585,"[-124.45576477050781, 48.53144454956055, -124.45574951171875, 48.53145217895508]",,,"[-124.45576477050781, 48.53144454956055, -124.45574951171875, 48.53145217895508]",original_place,
e5bf2014-c82b-4bf2-b397-ae359171cbb3,"Owen Point (udde i Kanada, British Columbia, Capital Regional District)",,48.54338,-124.49763,"[-124.49764251708984, 48.543373107910156, -124.49762725830078, 48.54338073730469]",,,"[-124.49764251708984, 48.543373107910156, -124.49762725830078, 48.54338073730469]",original_place,
be78d573-df05-4bbc-b5d0-a7b15a735f2e,Log Jam Creek,,48.56736955,-124.46322583,"[-124.46322631835938, 48.56736373901367, -124.46321105957031, 48.5673713684082]",,,"[-124.46322631835938, 48.56736373901367, -124.46321105957031, 48.5673713684082]",original_place,
01a07c77-1379-45ed-802b-9929bd1a5db0,Wild Renfrew Seaside Cottages,17293 Parkinson Rd,48.55393342,-124.42182732,"[-124.42182922363281, 48.553932189941406, -124.42181396484375, 48.55393981933594]",,,"[-124.42182922363281, 48.553932189941406, -124.42181396484375, 48.55393981933594]",original_place,
1bacad30-8559-4650-b167-2a15732b5d04,Wild Coast Cottages,6574 Baird Rd,48.55428583271062,-124.41716504867425,"[-124.41716766357422, 48.55427932739258, -124.41715240478516, 48.55428695678711]",,,"[-124.41716766357422, 48.55427932739258, -124.41715240478516, 48.55428695678711]",original_place,
ad7ef2dd-57d5-41a7-9984-0cd683016be1,Fish Tales Cottage,"247, 6596 Baird Road",48.55442152671032,-124.41773247524011,"[-124.4177474975586, 48.554420471191406, -124.41773223876953, 48.55442810058594]",,,"[-124.4177474975586, 48.554420471191406, -124.41773223876953, 48.55442810058594]",original_place,
c8080cfa-89fd-4352-b37e-c5429f9876ba,Stay Port Renfrew,"6740 Baird Road, B68",48.5544029,-124.4182555,"[-124.41825866699219, 48.55440139770508, -124.41824340820312, 48.55440902709961]",,,"[-124.41825866699219, 48.55440139770508, -124.41824340820312, 48.55440902709961]",original_place,
a5ba66c6-176b-482f-bd42-c8fa24247c3e,Sue's Zen,6574 Baird Rd,48.554484165052,-124.41840827991,"[-124.41841125488281, 48.55447769165039, -124.41839599609375, 48.55448532104492]",9dd671e8-3069-4d3f-ab57-0e4049253e2c,"[-124.41851043701172, 48.55438232421875, -124.41832733154297, 48.55452346801758]","[-124.41851043701172, 48.55438232421875, -124.41832733154297, 48.55452346801758]",building,
58e803cd-e9e4-4fb2-aef1-dcfa0376fa4d,Hera's Cove - Vancouver Island Luxury Oceanfront Cottage Rental,6574 Baird Rd,48.55441635000109,-124.418323609994,"[-124.41832733154297, 48.55440902709961, -124.4183120727539, 48.55441665649414]",,,"[-124.41832733154297, 48.55440902709961, -124.4183120727539, 48.55441665649414]",original_place,
8183afe8-e3b8-4ab9-88fb-d6dd0a5d9f5b,Tilby's Rainbow Cottage,Baird Rd #7249,48.55429944,-124.41799614,"[-124.41799926757812, 48.554298400878906, -124.41798400878906, 48.55430603027344]",,,"[-124.41799926757812, 48.554298400878906, -124.41798400878906, 48.55430603027344]",original_place,
6bf17fec-5871-4b72-911d-4765de21355d,Coastal Comfort,6596 Baird Rd #228,48.55421504,-124.41713501,"[-124.4171371459961, 48.55421447753906, -124.41712188720703, 48.554222106933594]",,,"[-124.4171371459961, 48.55421447753906, -124.41712188720703, 48.554222106933594]",original_place,
0005bba7-5d4b-42d3-b7f1-b06241cef0ec,Port Renfrew Vacation Rentals,6596 Baird Road,48.55389954,-124.41736088,"[-124.41737365722656, 48.553897857666016, -124.4173583984375, 48.55390548706055]",,,"[-124.41737365722656, 48.553897857666016, -124.4173583984375, 48.55390548706055]",original_place,
4c52cb43-76ff-417e-bb79-313a52b4b2a6,Bjørn Holm,6596 Baird Rd,48.554743663446665,-124.41676951326743,"[-124.4167709350586, 48.55473709106445, -124.41675567626953, 48.554744720458984]",,,"[-124.4167709350586, 48.55473709106445, -124.41675567626953, 48.554744720458984]",original_place,
31abe8ae-a3cf-49fd-b65f-a4d112cdd4ca,Handsome Dan's,6574 Baird Rd,48.5544565,-124.41520872,"[-124.41522216796875, 48.5544548034668, -124.41520690917969, 48.55446243286133]",,,"[-124.41522216796875, 48.5544548034668, -124.41520690917969, 48.55446243286133]",original_place,
cd6dcd2f-e832-459b-af2f-691c70388911,A Shack In The Woods,,48.5544124,-124.41516688,"[-124.41516876220703, 48.554405212402344, -124.41515350341797, 48.554412841796875]",,,"[-124.41516876220703, 48.554405212402344, -124.41515350341797, 48.554412841796875]",original_place,
26747b39-ea31-43cf-bc78-d769bbcab1a7,The Great Escape Port Renfrew,6574 Baird Rd,48.55407456,-124.41587845999999,"[-124.4158935546875, 48.554073333740234, -124.41587829589844, 48.554080963134766]",,,"[-124.4158935546875, 48.554073333740234, -124.41587829589844, 48.554080963134766]",original_place,
3eb6ceb7-6db6-4728-b5b9-5620bf67fa5c,Miss May's Ice Cream,17152b Parkinson Rd,48.55434699,-124.41431039,"[-124.41432189941406, 48.55434036254883, -124.414306640625, 48.55434799194336]",,,"[-124.41432189941406, 48.55434036254883, -124.414306640625, 48.55434799194336]",original_place,
f5253a02-eaee-49e3-8d1e-3f4d27e09f1c,Tomi's Home Style Cooking,"Part 2, 17152 Parkinson Rd",48.55437659,-124.4142964,"[-124.41429901123047, 48.55437469482422, -124.4142837524414, 48.55438232421875]",,,"[-124.41429901123047, 48.55437469482422, -124.4142837524414, 48.55438232421875]",original_place,
18d38f1b-8140-48ef-800a-f251e4195eef,Raven Thumb Creative,17152 Parkinson Rd,48.55448,-124.41442,"[-124.41442108154297, 48.554473876953125, -124.4144058227539, 48.554481506347656]",5781a31c-abe7-4faa-a8ec-7f3aaa87af8c,"[-124.41448974609375, 48.55442428588867, -124.41436004638672, 48.55449295043945]","[-124.41448974609375, 48.55442428588867, -124.41436004638672, 48.55449295043945]",building,
6310ce71-b582-4d6a-ad5b-fa277ec18d95,Pacific Gateway Marina,17110 Parkinson Rd,48.55586063,-124.4142649,"[-124.41426849365234, 48.55585479736328, -124.41425323486328, 48.55586242675781]",,,"[-124.41426849365234, 48.55585479736328, -124.41425323486328, 48.55586242675781]",original_place,
4ab77f3b-2910-4178-9940-2af83bf5709f,Eagle Reach - West Coast Cottages,Baird Rd,48.55495354,-124.41655537,"[-124.41655731201172, 48.55494689941406, -124.41654205322266, 48.554954528808594]",,,"[-124.41655731201172, 48.55494689941406, -124.41654205322266, 48.554954528808594]",original_place,
9bcd6a87-47e5-43fd-a5c7-12c53a39eb88,Big Fish Lodge,6644 Queesto Dr,48.55763119,-124.40575939,"[-124.40576171875, 48.55762481689453, -124.40574645996094, 48.55763244628906]",,,"[-124.40576171875, 48.55762481689453, -124.40574645996094, 48.55763244628906]",original_place,
35611841-0015-46a6-9aea-b6d6bada4a97,Port Renfrew Beach House,6624 Queesto Dr,48.55697433,-124.40598796,"[-124.40599060058594, 48.55697250366211, -124.40597534179688, 48.55698013305664]",,,"[-124.40599060058594, 48.55697250366211, -124.40597534179688, 48.55698013305664]",original_place,
a222d76b-d42f-4390-ad67-0982b1fbeb96,Bridgemans West Coast Eatery,17110 Parkinson Rd,48.555285,-124.411859,"[-124.41187286376953, 48.55527877807617, -124.41185760498047, 48.5552864074707]",,,"[-124.41187286376953, 48.55527877807617, -124.41185760498047, 48.5552864074707]",original_place,
13293a21-f92a-42d4-b726-eb0ffd8e1d53,Drift Sauna,17110 Parkinson Rd,48.55528468,-124.41173496,"[-124.41173553466797, 48.55527877807617, -124.4117202758789, 48.5552864074707]",,,"[-124.41173553466797, 48.55527877807617, -124.4117202758789, 48.5552864074707]",original_place,
c7a83ff8-98e8-4ff8-81a3-3ebe43946081,Port Renfrew Country Cottage,,48.55546321,-124.40406115,"[-124.4040756225586, 48.55546188354492, -124.40406036376953, 48.55546951293945]",,,"[-124.4040756225586, 48.55546188354492, -124.40406036376953, 48.55546951293945]",original_place,
a4b460e3-c812-499d-a43a-262cebe1f180,Hindsight Fishing Charters,17004 Tsonoqua Dr,48.55747213,-124.40469684,"[-124.40470886230469, 48.557464599609375, -124.40469360351562, 48.557472229003906]",,,"[-124.40470886230469, 48.557464599609375, -124.40469360351562, 48.557472229003906]",original_place,
d8cd2658-cd85-4004-85d5-22a00aee7c9e,The Whale's Tale Vacation Rental,6656 Queesto Dr,48.55809215,-124.40544807,"[-124.40544891357422, 48.55808639526367, -124.40543365478516, 48.5580940246582]",,,"[-124.40544891357422, 48.55808639526367, -124.40543365478516, 48.5580940246582]",original_place,
be3659c0-52dd-4af3-b7b4-886754c77959,Beach Camp Cottage,17000 Tsonoqua Dr,48.55752898,-124.40391742,"[-124.4039306640625, 48.55752182006836, -124.40391540527344, 48.55752944946289]",,,"[-124.4039306640625, 48.55752182006836, -124.40391540527344, 48.55752944946289]",original_place,
6ca233ae-41c3-4db8-af51-5f4f45763a2c,Wild at Heart Cottage - Port Renfrew BC,Port Renfrew B.C.,48.5561635355869,-124.40243917068466,"[-124.4024429321289, 48.556156158447266, -124.40242767333984, 48.5561637878418]",,,"[-124.4024429321289, 48.556156158447266, -124.40242767333984, 48.5561637878418]",original_place,
d999aa0e-81cc-4ddd-add6-196d8f6b7806,Port Renfrew Hotel,GD,48.5574711,-124.4007461,"[-124.40074920654297, 48.557464599609375, -124.4007339477539, 48.557472229003906]",470c1510-7387-4d2f-bb25-3b1b04b1670b,"[-124.40106201171875, 48.557395935058594, -124.4007339477539, 48.55757141113281]","[-124.40106201171875, 48.557395935058594, -124.4007339477539, 48.55757141113281]",building,
e3955b01-8f64-4706-8b45-39ec2b18ccc2,Angler's Retreat,6651 Klannanith St,48.55782981,-124.40116074,"[-124.40116119384766, 48.557823181152344, -124.4011459350586, 48.557830810546875]",,,"[-124.40116119384766, 48.557823181152344, -124.4011459350586, 48.557830810546875]",original_place,
dc96ed1a-f13e-4d98-b29c-27e7741fec65,Canada Post,6638 Deering Road,48.5573891,-124.4000679,"[-124.40007019042969, 48.55738830566406, -124.40005493164062, 48.557395935058594]",,,"[-124.40007019042969, 48.55738830566406, -124.40005493164062, 48.557395935058594]",original_place,
e8ec7b95-2257-413d-bc2d-b1d0f93f9f33,PORT RENFREW PO,6638 DEERING ROAD,48.557173787344915,-124.40033864255486,"[-124.40035247802734, 48.557167053222656, -124.40033721923828, 48.55717468261719]",002475fe-588f-4370-9caa-a0e25d58f78f,"[-124.40060424804688, 48.556983947753906, -124.40008544921875, 48.55727005004883]","[-124.40060424804688, 48.556983947753906, -124.40008544921875, 48.55727005004883]",building,
ecf1ad85-3bff-4646-856f-97a05b2d3a0e,VI Regional Library Port Renfrew,6638 Deering Rd,48.5571487,-124.4003257,"[-124.40033721923828, 48.55714797973633, -124.40032196044922, 48.55715560913086]",002475fe-588f-4370-9caa-a0e25d58f78f,"[-124.40060424804688, 48.556983947753906, -124.40008544921875, 48.55727005004883]","[-124.40060424804688, 48.556983947753906, -124.40008544921875, 48.55727005004883]",building,
d5683162-1fef-4a48-b968-ff8b4f393649,Pacheedaht Gas Bar,16947 Parkinson Rd,48.55794105,-124.39897492,"[-124.39898681640625, 48.55793380737305, -124.39897155761719, 48.55794143676758]",,,"[-124.39898681640625, 48.55793380737305, -124.39897155761719, 48.55794143676758]",original_place,
018007b5-1ab9-4e51-88ef-f45dd9dec10a,Port San Juan,,48.5578282,-124.3990399,"[-124.39904022216797, 48.55782699584961, -124.3990249633789, 48.55783462524414]",4120c25f-44de-404a-bc29-db739516eb92,"[-124.39913177490234, 48.55768966674805, -124.3989486694336, 48.55783462524414]","[-124.39913177490234, 48.55768966674805, -124.3989486694336, 48.55783462524414]",building,
9c85bc3b-4eba-4af6-8436-3756c8e11ae8,Port Renfrew Visitor Information Centre,16947 Parkinson Rd B Building,48.5577403,-124.39855636,"[-124.3985595703125, 48.5577392578125, -124.39854431152344, 48.55774688720703]",,,"[-124.3985595703125, 48.5577392578125, -124.39854431152344, 48.55774688720703]",original_place,
a2fe9a5d-0ee9-4f50-a6fd-0875ba1f634e,San Juan River (Vancouver Island),,48.5667,-124.4,"[-124.4000015258789, 48.56669998168945, -124.39998626708984, 48.566707611083984]",,,"[-124.4000015258789, 48.56669998168945, -124.39998626708984, 48.566707611083984]",original_place,
761e472b-60a1-4b07-825d-f4a79054b82f,West Coast Trail - Port Renfrew Trailhead,,48.5774840311662,-124.41207818647639,"[-124.41207885742188, 48.577476501464844, -124.41206359863281, 48.577484130859375]",,,"[-124.41207885742188, 48.577476501464844, -124.41206359863281, 48.577484130859375]",original_place,
b97be4be-6525-48c3-9682-2395ca53d16d,Pacheedaht Campgrounds,350a Kalaid St,48.57737923,-124.41182113,"[-124.41183471679688, 48.57737350463867, -124.41181945800781, 48.5773811340332]",,,"[-124.41183471679688, 48.57737350463867, -124.41181945800781, 48.5773811340332]",original_place,
a7a805ea-762f-45ad-bf74-3f8939d879a0,"Gordon River (vattendrag i Kanada, British Columbia)",,48.5799,-124.40841,"[-124.4084243774414, 48.579898834228516, -124.40840911865234, 48.57990646362305]",,,"[-124.4084243774414, 48.579898834228516, -124.40840911865234, 48.57990646362305]",original_place,
46dc6aaa-b0b1-44db-9a3c-5144f2bd44f0,Port Renfrew Elementary,Parkinson Rd,48.57725914000001,-124.40813199,"[-124.40813446044922, 48.5772590637207, -124.40811920166016, 48.577266693115234]",,,"[-124.40813446044922, 48.5772590637207, -124.40811920166016, 48.577266693115234]",original_place,
3f203c3a-8222-4a97-8c04-8789283b94cd,Pacheedaht First Nation,350 Kalaid St,48.5769,-124.40789,"[-124.40789031982422, 48.5768928527832, -124.40787506103516, 48.576900482177734]",,,"[-124.40789031982422, 48.5768928527832, -124.40787506103516, 48.576900482177734]",original_place,
026d08ce-bac5-4b7f-ad34-abff36b05f90,Gordon River Indian Reserve 2,,48.58288,-124.4027,"[-124.40270233154297, 48.58287811279297, -124.4026870727539, 48.5828857421875]",,,"[-124.40270233154297, 48.58287811279297, -124.4026870727539, 48.5828857421875]",original_place,
5c99b547-8bdb-4782-90d8-ae6005428955,Gallaugher's Fish Camp,7340 Pacheena Rd,48.58032702007666,-124.39971306685061,"[-124.39972686767578, 48.580326080322266, -124.39971160888672, 48.5803337097168]",,,"[-124.39972686767578, 48.580326080322266, -124.39971160888672, 48.5803337097168]",original_place,
02fc0860-19fa-47e3-ab04-774918e6cdf3,"Baird Creek (vattendrag i Kanada, British Columbia)",,48.61628,-124.436,"[-124.4360122680664, 48.61627960205078, -124.43599700927734, 48.61628723144531]",,,"[-124.4360122680664, 48.61627960205078, -124.43599700927734, 48.61628723144531]",original_place,
9756956d-bc45-42a6-abf6-b838990cb0dd,Braden Creek (vattendrag i Kanada),,48.61628,-124.436,"[-124.4360122680664, 48.61627960205078, -124.43599700927734, 48.61628723144531]",,,"[-124.4360122680664, 48.61627960205078, -124.43599700927734, 48.61628723144531]",original_place,
670a66d5-1518-4800-aed0-d7932e2528ae,Avatar Grove,,48.617591410174,-124.43766117183,"[-124.43767547607422, 48.617584228515625, -124.43766021728516, 48.617591857910156]",,,"[-124.43767547607422, 48.617584228515625, -124.43766021728516, 48.617591857910156]",original_place,
d79de86d-2720-4cef-9a77-edcd6fb1f18e,Trisle Creek,,48.55846,-124.53831,"[-124.53832244873047, 48.55845260620117, -124.5383071899414, 48.5584602355957]",,,"[-124.53832244873047, 48.55845260620117, -124.5383071899414, 48.5584602355957]",original_place,
e62d0479-8d0d-407c-be34-452f130dcdc0,"Camper Creek (vattendrag i Kanada, British Columbia)",,48.55994,-124.54732,"[-124.54733276367188, 48.559932708740234, -124.54731750488281, 48.559940338134766]",,,"[-124.54733276367188, 48.559932708740234, -124.54731750488281, 48.559940338134766]",original_place,
2d07c432-2d58-41b9-b65f-99b5cdb9854e,Camper Bay,,48.55627,-124.55247,"[-124.55248260498047, 48.5562629699707, -124.5524673461914, 48.556270599365234]",,,"[-124.55248260498047, 48.5562629699707, -124.5524673461914, 48.556270599365234]",original_place,
e61fdce7-9fd0-4830-8534-91b00e356685,Cullite Creek,,48.56810756,-124.59683926,"[-124.59683990478516, 48.56809997558594, -124.5968246459961, 48.56810760498047]",,,"[-124.59683990478516, 48.56809997558594, -124.5968246459961, 48.56810760498047]",original_place,
a17aea3a-2252-42e7-a365-b6d397ad8d78,"Logan Creek (vattendrag i Kanada, British Columbia, Cowichan Valley Regional District)",,48.57212,-124.6156,"[-124.6156005859375, 48.572113037109375, -124.61558532714844, 48.572120666503906]",,,"[-124.6156005859375, 48.572113037109375, -124.61558532714844, 48.572120666503906]",original_place,
1404b9ab-22cb-4ea1-8d1c-99cfe1b3d8dc,"Glad Lake (sjö i Kanada, British Columbia)",,48.61389,-124.60444,"[-124.60445404052734, 48.61388397216797, -124.60443878173828, 48.6138916015625]",,,"[-124.60445404052734, 48.61388397216797, -124.60443878173828, 48.6138916015625]",original_place,
7bf14fb5-3d38-473d-8178-4b33cf7461f3,Mount Walbran,,48.6996,-124.5002,"[-124.50021362304688, 48.69959259033203, -124.50019836425781, 48.69960021972656]",,,"[-124.50021362304688, 48.69959259033203, -124.50019836425781, 48.69960021972656]",original_place,
4a27bac7-23cc-4357-8f2e-0755a36a190b,"McClure Lake (sjö i Kanada, British Columbia)",,48.74667,-124.50972,"[-124.50973510742188, 48.74666976928711, -124.50971984863281, 48.74667739868164]",,,"[-124.50973510742188, 48.74666976928711, -124.50971984863281, 48.74667739868164]",original_place,
36a6d73d-ecbb-4e2e-8e59-fd6aedad2518,Ada'itsx/Fairy Creek Blockade,McClure Main and Walbran Main ,48.751411512512,-124.50942993164,"[-124.50942993164062, 48.75141143798828, -124.50941467285156, 48.75141906738281]",,,"[-124.50942993164062, 48.75141143798828, -124.50941467285156, 48.75141906738281]",original_place,
91b7e05b-a922-47e0-ab51-d730d6f3c3b8,Loup Creek,,48.66629,-124.43601,"[-124.4360122680664, 48.666282653808594, -124.43599700927734, 48.666290283203125]",,,"[-124.4360122680664, 48.666282653808594, -124.43599700927734, 48.666290283203125]",original_place,
ecff5e3c-7518-4f16-bc0c-c53b2e05c711,"Bugaboo Creek (vattendrag i Kanada, British Columbia, lat 48,65, long -124,47)",,48.64958,-124.46941,"[-124.46941375732422, 48.64957809448242, -124.46939849853516, 48.64958572387695]",,,"[-124.46941375732422, 48.64957809448242, -124.46939849853516, 48.64958572387695]",original_place,
b99a731a-d0b5-4ba4-9a16-52fd91b62abc,"Hal Creek (vattendrag i Kanada, lat 48,63, long -124,45)",,48.63288,-124.45271,"[-124.45271301269531, 48.63287353515625, -124.45269775390625, 48.63288116455078]",,,"[-124.45271301269531, 48.63287353515625, -124.45269775390625, 48.63288116455078]",original_place,
87f5c2f6-3215-4f5c-8ada-b0f92b259915,Eden Grove,Edinburgh Main Rd,48.644098,-124.44425398,"[-124.44426727294922, 48.64409637451172, -124.44425201416016, 48.64410400390625]",,,"[-124.44426727294922, 48.64409637451172, -124.44425201416016, 48.64410400390625]",original_place,
1d99b2b7-c321-4522-af1e-4b99a4d3bcc8,Edinburgh Mountain,,48.6513,-124.4161,"[-124.4161148071289, 48.65129852294922, -124.41609954833984, 48.65130615234375]",,,"[-124.4161148071289, 48.65129852294922, -124.41609954833984, 48.65130615234375]",original_place,
686d2aaa-a46d-4d8c-bcbb-1fc0bb019290,Gordon River,    ,48.7639798,-124.324592,"[-124.32459259033203, 48.763973236083984, -124.32457733154297, 48.763980865478516]",,,"[-124.32459259033203, 48.763973236083984, -124.32457733154297, 48.763980865478516]",original_place,
8dd2697e-71fe-4a3f-a5c2-097e56993d61,Mount Bolduc,,48.71944806,-124.30027659,"[-124.30027770996094, 48.71944046020508, -124.30026245117188, 48.71944808959961]",,,"[-124.30027770996094, 48.71944046020508, -124.30026245117188, 48.71944808959961]",original_place,
c187b04b-8a7c-42e0-b41b-accfcd5c563c,"Doe Lake (sjö i Kanada, British Columbia, lat 48,68, long -124,16)",,48.67889,-124.1625,"[-124.16251373291016, 48.67888259887695, -124.1624984741211, 48.678890228271484]",,,"[-124.16251373291016, 48.67888259887695, -124.1624984741211, 48.678890228271484]",original_place,
08a7e5eb-8d2e-4d4f-b88d-0163f759e77a,Hemmingsen Creek,,48.6328048,-124.25322226,"[-124.25323486328125, 48.63279724121094, -124.25321960449219, 48.63280487060547]",,,"[-124.25323486328125, 48.63279724121094, -124.25321960449219, 48.63280487060547]",original_place,
a7e20886-ed71-406d-b1b5-4445d1cb9df2,Pixie Lake,,48.59503457,-124.1975524,"[-124.19755554199219, 48.595027923583984, -124.19754028320312, 48.595035552978516]",,,"[-124.19755554199219, 48.595027923583984, -124.19754028320312, 48.595035552978516]",original_place,
72013a37-019e-4044-a4b1-8989be4b0436,"Red Creek (vattendrag i Kanada, British Columbia, lat 48,58, long -124,20)",,48.5829,-124.20268,"[-124.20268249511719, 48.58289337158203, -124.20266723632812, 48.58290100097656]",,,"[-124.20268249511719, 48.58289337158203, -124.20266723632812, 48.58290100097656]",original_place,
88805974-ccd7-4f18-8930-895acd515fac,Pacific Marine Road,Pacific Marine Rd,48.5949306,-124.2502229,"[-124.25023651123047, 48.59492874145508, -124.2502212524414, 48.59493637084961]",,,"[-124.25023651123047, 48.59492874145508, -124.2502212524414, 48.59493637084961]",original_place,
eb2faabe-05d4-4326-b891-456e80383e8a,Lizard Lake,,48.6062713,-124.22303754,"[-124.22303771972656, 48.60626983642578, -124.2230224609375, 48.60627746582031]",,,"[-124.22303771972656, 48.60626983642578, -124.2230224609375, 48.60627746582031]",original_place,
c6cc0bc5-3389-45f6-bd8e-4b96ee7822ce,Fairy Lake,,48.58560817,-124.34801663,"[-124.34803009033203, 48.585601806640625, -124.34801483154297, 48.585609436035156]",,,"[-124.34803009033203, 48.585601806640625, -124.34801483154297, 48.585609436035156]",original_place,
b075ba95-6c85-485c-9c69-c9b5167a81a1,"Fairy Creek (vattendrag i Kanada, British Columbia, Capital Regional District)",,48.58558,-124.35528,"[-124.35529327392578, 48.58557891845703, -124.35527801513672, 48.58558654785156]",,,"[-124.35529327392578, 48.58557891845703, -124.35527801513672, 48.58558654785156]",original_place,
03b332bc-d5df-4abe-bb4e-62903ab34e5a,San Juan River Eco Reserve,Island Rd,48.572120749227,-124.38549041748,"[-124.38549041748047, 48.572120666503906, -124.3854751586914, 48.57212829589844]",,,"[-124.38549041748047, 48.572120666503906, -124.3854751586914, 48.57212829589844]",original_place,
7f639caf-a98c-4deb-b93c-7bdcb0406694,Pacheena Indian Reserve 1,,48.56628,-124.386,"[-124.38600158691406, 48.5662727355957, -124.385986328125, 48.566280364990234]",,,"[-124.38600158691406, 48.5662727355957, -124.385986328125, 48.566280364990234]",original_place,
60481520-3df1-4bab-94a1-b7432087362c,Renfrew Creek,,48.55974,-124.37794,"[-124.3779525756836, 48.55973815917969, -124.37793731689453, 48.55974578857422]",,,"[-124.3779525756836, 48.55973815917969, -124.37793731689453, 48.55974578857422]",original_place,
5218b30f-5693-4424-84b3-a5c11c0c5910,"Falls Creek (vattendrag i Kanada, British Columbia, Capital Regional District)",,48.56451,-124.35202,"[-124.35202026367188, 48.56450271606445, -124.35200500488281, 48.564510345458984]",,,"[-124.35202026367188, 48.56450271606445, -124.35200500488281, 48.564510345458984]",original_place,
71604438-09e4-43a8-b494-3a176a67a93b,Lens Creek,,48.58289,-124.26938,"[-124.26939392089844, 48.582889556884766, -124.26937866210938, 48.5828971862793]",,,"[-124.26939392089844, 48.582889556884766, -124.26937866210938, 48.5828971862793]",original_place,
a03b8793-1e00-43ef-977d-79f7281971a5,"Harris Creek (vattendrag i Kanada, British Columbia, lat 48,58, long -124,27)",,48.58289,-124.26938,"[-124.26939392089844, 48.582889556884766, -124.26937866210938, 48.5828971862793]",,,"[-124.26939392089844, 48.582889556884766, -124.26937866210938, 48.5828971862793]",original_place,
e80787b9-fcd3-459b-955a-bcf4d1e38841,Little Kuitshe Creek Campsite,,48.5075913,-124.33836851,"[-124.33837127685547, 48.507591247558594, -124.3383560180664, 48.507598876953125]",,,"[-124.33837127685547, 48.507591247558594, -124.3383560180664, 48.507598876953125]",original_place,
dc0ec9bb-98be-4e3e-b670-59db6898d7da,Kuitsche Creek,,48.5087,-124.34043,"[-124.3404312133789, 48.50869369506836, -124.34041595458984, 48.50870132446289]",,,"[-124.3404312133789, 48.50869369506836, -124.34041595458984, 48.50870132446289]",original_place,
f7e38774-badd-48cd-8caa-9df914e65587,Parkinson Creek (vattendrag i Kanada),,48.51365,-124.37493,"[-124.37493133544922, 48.513648986816406, -124.37491607666016, 48.51365661621094]",,,"[-124.37493133544922, 48.513648986816406, -124.37491607666016, 48.51365661621094]",original_place,
c5409b4f-f036-4718-abe1-1683005c62f1,Sombrio Beach,,48.49925466,-124.30041152,"[-124.3004150390625, 48.49924850463867, -124.30039978027344, 48.4992561340332]",,,"[-124.3004150390625, 48.49924850463867, -124.30039978027344, 48.4992561340332]",original_place,
a75e3728-0c0b-4115-bbf3-c84e1561f5fc,Sombrio River,,48.50067343,-124.30139652,"[-124.30139923095703, 48.500667572021484, -124.30138397216797, 48.500675201416016]",,,"[-124.30139923095703, 48.500667572021484, -124.30138397216797, 48.500675201416016]",original_place,
9f4e0c1e-9417-4a1a-a151-c35342620097,Minute Creek (vattendrag i Kanada),,48.50762,-124.32781,"[-124.32781219482422, 48.50761413574219, -124.32779693603516, 48.50762176513672]",,,"[-124.32781219482422, 48.50761413574219, -124.32779693603516, 48.50762176513672]",original_place,
fa0e4b30-8230-48b0-ac06-9cd0e418b30e,Sombrio Lookout,,48.513801268486525,-124.29322262945749,"[-124.2932357788086, 48.5137939453125, -124.29322052001953, 48.51380157470703]",,,"[-124.2932357788086, 48.5137939453125, -124.29322052001953, 48.51380157470703]",original_place,
039cb2dc-4bbe-4336-8a17-058843b980bd,East Sombrio Beach,,48.496132,-124.296569,"[-124.29656982421875, 48.496131896972656, -124.29655456542969, 48.49613952636719]",,,"[-124.29656982421875, 48.496131896972656, -124.29655456542969, 48.49613952636719]",original_place,
31bdbad4-89e4-4207-acae-dacfbb561572,Sombrio Point,,48.48538,-124.29176,"[-124.29176330566406, 48.48537826538086, -124.291748046875, 48.48538589477539]",,,"[-124.29176330566406, 48.48537826538086, -124.291748046875, 48.48538589477539]",original_place,
31b4c4e7-bb4d-40fe-9765-9fbb96755f69,Jack Elliott Creek,,48.48584,-124.2679,"[-124.26791381835938, 48.48583984375, -124.26789855957031, 48.48584747314453]",,,"[-124.26791381835938, 48.48583984375, -124.26789855957031, 48.48584747314453]",original_place,
cd97eba0-3a9e-4cf9-9b17-e200ed123cfb,Noyse Creek,,48.49959,-124.23598,"[-124.23599243164062, 48.49958419799805, -124.23597717285156, 48.49959182739258]",,,"[-124.23599243164062, 48.49958419799805, -124.23597717285156, 48.49959182739258]",original_place,
e2f0f859-ddd9-460a-bb25-4fd135a5f7bd,San Juan Ridge,,48.5329,-124.1669,"[-124.16690063476562, 48.532894134521484, -124.16688537597656, 48.532901763916016]",,,"[-124.16690063476562, 48.532894134521484, -124.16688537597656, 48.532901763916016]",original_place,
02f5f33c-f5dc-4f38-b652-c2ee3cdd2d3a,Ivanhoe Creek,,48.4497,-124.15512,"[-124.15512084960938, 48.44969940185547, -124.15510559082031, 48.44970703125]",,,"[-124.15512084960938, 48.44969940185547, -124.15510559082031, 48.44970703125]",original_place,
8f28c74a-299c-4412-92ba-fc7360e65ff8,Rosemond Creek,,48.45453106,-124.16722607,"[-124.16722869873047, 48.454524993896484, -124.1672134399414, 48.454532623291016]",,,"[-124.16722869873047, 48.454524993896484, -124.1672134399414, 48.454532623291016]",original_place,
76986bde-23eb-4ea8-981b-95f7849fc6c6,Bear Beach,,48.4505395,-124.17018625,"[-124.1701889038086, 48.450538635253906, -124.17017364501953, 48.45054626464844]",,,"[-124.1701889038086, 48.450538635253906, -124.17017364501953, 48.45054626464844]",original_place,
d8d445cb-7378-49b8-b6c0-eeb0d8512c82,Clinch Creek,,48.45813232,-124.17261598,"[-124.1726303100586, 48.458126068115234, -124.17261505126953, 48.458133697509766]",,,"[-124.1726303100586, 48.458126068115234, -124.17261505126953, 48.458133697509766]",original_place,
8cd9a0ec-7a12-4661-990b-1d921f576af9,China Beach,West Coast Road,48.460669963006,-124.17334702131,"[-124.17334747314453, 48.460662841796875, -124.17333221435547, 48.460670471191406]",,,"[-124.17334747314453, 48.460662841796875, -124.17333221435547, 48.460670471191406]",original_place,
70571e4f-98ea-4a9c-a448-9526ec554e7d,Ledingham Creek,,48.45669334,-124.18501803,"[-124.18502044677734, 48.45669174194336, -124.18500518798828, 48.45669937133789]",,,"[-124.18502044677734, 48.45669174194336, -124.18500518798828, 48.45669937133789]",original_place,
b9dae8ba-c019-4c05-bec2-5a4c6f089b8a,Hoard Creek,,48.45795,-124.1952,"[-124.1952133178711, 48.457942962646484, -124.19519805908203, 48.457950592041016]",,,"[-124.1952133178711, 48.457942962646484, -124.19519805908203, 48.457950592041016]",original_place,
b846b97d-f340-47e1-b62f-51ea674279f2,China Beach Provincial Park,W Coast Rd,48.466891,-124.231167,"[-124.23117065429688, 48.46688461303711, -124.23115539550781, 48.46689224243164]",,,"[-124.23117065429688, 48.46688461303711, -124.23115539550781, 48.46689224243164]",original_place,
6745caf2-b935-4d87-acb4-13f350ea633c,Chin Beach,,48.472390207367,-124.25461471081,"[-124.2546157836914, 48.472389221191406, -124.25460052490234, 48.47239685058594]",,,"[-124.2546157836914, 48.472389221191406, -124.25460052490234, 48.47239685058594]",original_place,
2c0f3ddb-2583-43f4-90de-8020eed5420b,Juan de Fuca Provincial Park, ,48.472147,-124.251547,"[-124.25154876708984, 48.47214126586914, -124.25153350830078, 48.47214889526367]",,,"[-124.25154876708984, 48.47214126586914, -124.25153350830078, 48.47214889526367]",original_place,
bfa31b0e-3f4b-42ba-8d38-f9d750a8386e,Lines Creek,,48.4696664,-124.23850338,"[-124.23851776123047, 48.46966552734375, -124.2385025024414, 48.46967315673828]",,,"[-124.23851776123047, 48.46966552734375, -124.2385025024414, 48.46967315673828]",original_place,
a06387cf-2f5c-4f5c-a6f1-77a38a6f908f,Newmarch Creek,,48.45998346,-124.20649852,"[-124.20651245117188, 48.45997619628906, -124.20649719238281, 48.459983825683594]",,,"[-124.20651245117188, 48.45997619628906, -124.20649719238281, 48.459983825683594]",original_place,
cae7b534-a2dc-44da-8cb9-e7f833301245,Magdalena Point,,48.44668,-124.15074,"[-124.15074157714844, 48.446678161621094, -124.15072631835938, 48.446685791015625]",,,"[-124.15074157714844, 48.446678161621094, -124.15072631835938, 48.446685791015625]",original_place,
b707963a-81a4-40b6-be3d-72c9edc47e2a,Loss Creek,,48.4808,-124.273,"[-124.27300262451172, 48.48079299926758, -124.27298736572266, 48.48080062866211]",,,"[-124.27300262451172, 48.48079299926758, -124.27298736572266, 48.48080062866211]",original_place,
cf9b092a-0392-45eb-bf7b-ac30b0b83b9b,Babbington Hill,,48.33178,-123.65816,"[-123.65817260742188, 48.33177947998047, -123.65815734863281, 48.331787109375]",,,"[-123.65817260742188, 48.33177947998047, -123.65815734863281, 48.331787109375]",original_place,
e0463913-db5a-4234-b80f-a0eeea7479ce,East Sooke Regional Park,E Sooke Rd,48.338773,-123.669825,"[-123.66983795166016, 48.33877182006836, -123.6698226928711, 48.33877944946289]",,,"[-123.66983795166016, 48.33877182006836, -123.6698226928711, 48.33877944946289]",original_place,
a4cc84c8-0e8c-4d14-b822-43866228d785,East Sooke Regional Park,,48.3395781174,-123.70556902552,"[-123.70558166503906, 48.339576721191406, -123.70556640625, 48.33958435058594]",,,"[-123.70558166503906, 48.339576721191406, -123.70556640625, 48.33958435058594]",original_place,
65359c4c-f2e5-428f-abfa-0d9c38331138,"Iron Mine Bay (vik i Kanada, British Columbia)",,48.33818,-123.70417,"[-123.70417022705078, 48.338172912597656, -123.70415496826172, 48.33818054199219]",,,"[-123.70417022705078, 48.338172912597656, -123.70415496826172, 48.33818054199219]",original_place,
53a0b43f-606e-42d5-8441-d3aeb462b6e7,Iron Mine Hill,,48.34222221,-123.70666874,"[-123.70668029785156, 48.342220306396484, -123.7066650390625, 48.342227935791016]",,,"[-123.70668029785156, 48.342220306396484, -123.7066650390625, 48.342227935791016]",original_place,
a4d9a639-7b0d-4160-9fc3-f568b52b64d5,SookePoint Ocean Resort - Vacation Rentals,1000 SookePoint Place,48.33991461,-123.71291461,"[-123.71292877197266, 48.339908599853516, -123.7129135131836, 48.33991622924805]",,,"[-123.71292877197266, 48.339908599853516, -123.7129135131836, 48.33991622924805]",original_place,
e48c032c-a803-4868-bca0-8b44a5937f26,Sweet Serenity Retreat,4690 Otter Point Pl,48.37491603,-123.84096003,"[-123.84097290039062, 48.374908447265625, -123.84095764160156, 48.374916076660156]",09175b1d-737d-4fd4-a05a-26e6174a576c,"[-123.84130096435547, 48.374568939208984, -123.84069061279297, 48.375057220458984]","[-123.84130096435547, 48.374568939208984, -123.84069061279297, 48.375057220458984]",building,
255ddbdf-b6b2-49e3-8695-c95d6d2062b4,phi farm,4660 Otter Point Pl,48.37641016,-123.83807844,"[-123.83808135986328, 48.37640380859375, -123.83806610107422, 48.37641143798828]",,,"[-123.83808135986328, 48.37640380859375, -123.83806610107422, 48.37641143798828]",original_place,
22068132-09ee-4b28-9097-35fd92b45fff,Doggonemortgageguy,8845b Randy's Pl,48.37591,-123.84527,"[-123.84528350830078, 48.37590408325195, -123.84526824951172, 48.375911712646484]",,,"[-123.84528350830078, 48.37590408325195, -123.84526824951172, 48.375911712646484]",original_place,
d0fc1515-bd47-492b-b547-3f1e0a99e6cd,Points West Oceanfront Resort,8969 W Coast Rd,48.37757341,-123.85603337,"[-123.85604858398438, 48.377567291259766, -123.85603332519531, 48.3775749206543]",,,"[-123.85604858398438, 48.377567291259766, -123.85603332519531, 48.3775749206543]",original_place,
9130563d-342c-4b87-91a5-5acb3c49cd52,Craidelonna Oceanedge Lodging,9143 W Coast Rd,48.37973336,-123.86930916,"[-123.86932373046875, 48.37972640991211, -123.86930847167969, 48.37973403930664]",,,"[-123.86932373046875, 48.37972640991211, -123.86930847167969, 48.37973403930664]",original_place,
a55f7beb-6a74-4451-b176-1c47c9170e22,Ocean Wilderness Inn,9171 W Coast Rd,48.38181539,-123.87125757,"[-123.87126922607422, 48.38180923461914, -123.87125396728516, 48.38181686401367]",750e5a83-d3bb-4722-802e-10492bcfd656,"[-123.87155151367188, 48.38174819946289, -123.87116241455078, 48.381927490234375]","[-123.87155151367188, 48.38174819946289, -123.87116241455078, 48.381927490234375]",building,
ecbafd1c-c71b-4caa-9a27-2883e00bed0f,Silver Cloud Farm,2707 Anderson Rd,48.38691069,-123.85663703,"[-123.85665130615234, 48.38690948486328, -123.85663604736328, 48.38691711425781]",,,"[-123.85665130615234, 48.38690948486328, -123.85663604736328, 48.38691711425781]",original_place,
bbf4f36c-124b-4b8f-81e1-c0564cac8db7,Malahat Farm,2675 Anderson Rd,48.38348466,-123.85968291,"[-123.85969543457031, 48.38348388671875, -123.85968017578125, 48.38349151611328]",,,"[-123.85969543457031, 48.38348388671875, -123.85968017578125, 48.38349151611328]",original_place,
d0e3e0fc-1440-4f07-80e4-fb6ddcb572e2,"Muir Creek (vattendrag i Kanada, British Columbia)",,48.38285,-123.86458,"[-123.86459350585938, 48.382843017578125, -123.86457824707031, 48.382850646972656]",,,"[-123.86459350585938, 48.382843017578125, -123.86457824707031, 48.382850646972656]",original_place,
15845a67-d5c2-44d4-8667-847cac0521a8,Sea Lion Estate,9045 W Coast Rd,48.38003958,-123.86148522,"[-123.86148834228516, 48.38003921508789, -123.8614730834961, 48.38004684448242]",,,"[-123.86148834228516, 48.38003921508789, -123.8614730834961, 48.38004684448242]",original_place,
5eb5649f-29b2-4430-980c-c5bc4887a24f,The Great Escape,8980 W Coast Rd,48.3798753,-123.8562913,"[-123.85629272460938, 48.37987518310547, -123.85627746582031, 48.3798828125]",,,"[-123.85629272460938, 48.37987518310547, -123.85627746582031, 48.3798828125]",original_place,
9ff5f04f-84a8-4d0d-b9e3-ab269681a1e9,"Skookum Gulch (dal i Kanada, British Columbia)",,48.37835,-123.85124,"[-123.85124206542969, 48.37834930419922, -123.85122680664062, 48.37835693359375]",,,"[-123.85124206542969, 48.37834930419922, -123.85122680664062, 48.37835693359375]",original_place,
b3e56bf6-e7b9-4676-acd9-ab38cf9a0e58,Sooke Disposal and Recycling,7856 Tugwell Rd,48.40408239,-123.78392799,"[-123.78394317626953, 48.404075622558594, -123.78392791748047, 48.404083251953125]",,,"[-123.78394317626953, 48.404075622558594, -123.78392791748047, 48.404083251953125]",original_place,
ad3c1c0d-3016-4aa0-ae54-26d771fd3759,West Coast Esthetics & Healing Studio,3166 Robinson Road,48.403477,-123.778715,"[-123.77871704101562, 48.40347671508789, -123.77870178222656, 48.40348434448242]",,,"[-123.77871704101562, 48.40347671508789, -123.77870178222656, 48.40348434448242]",original_place,
fcd970f6-083e-45b0-8482-eb9c9fe0b3d8,Bad Dog Brewing Company,7861 Tugwell Rd,48.40291553,-123.78496834,"[-123.78498077392578, 48.40290832519531, -123.78496551513672, 48.402915954589844]",,,"[-123.78498077392578, 48.40290832519531, -123.78496551513672, 48.402915954589844]",original_place,
f79028ef-5920-420d-9ce2-ceb1230dfa55,Walk On Water Spa,7881 Tugwell Rd,48.40221933,-123.78640798,"[-123.78642272949219, 48.402217864990234, -123.78640747070312, 48.402225494384766]",,,"[-123.78642272949219, 48.402217864990234, -123.78640747070312, 48.402225494384766]",original_place,
49873973-83bd-496f-831d-a5a3d664a7d1,Peak Performance Welding LTD.,7878 Tugwell Rd,48.403565,-123.785916,"[-123.78591918945312, 48.403564453125, -123.78590393066406, 48.40357208251953]",b7a623f2-7deb-441b-bbc4-61f4dad49902,"[-123.78605651855469, 48.403526306152344, -123.7857894897461, 48.4036750793457]","[-123.78605651855469, 48.403526306152344, -123.7857894897461, 48.4036750793457]",building,
8c8fbb44-5f91-4fd2-8f3d-3f1e104a9e6c,Metric Electrical Services,7885 E Glen Pl,48.4039543,-123.78691601,"[-123.78691864013672, 48.403953552246094, -123.78690338134766, 48.403961181640625]",,,"[-123.78691864013672, 48.403953552246094, -123.78690338134766, 48.403961181640625]",original_place,
4a034aa6-ca3b-4d91-863b-4211e7e443f2,Secluded Wood Farm,3105 Goudie Rd,48.40170882,-123.78970084,"[-123.78970336914062, 48.401702880859375, -123.78968811035156, 48.401710510253906]",,,"[-123.78970336914062, 48.401702880859375, -123.78968811035156, 48.401710510253906]",original_place,
b6f642bf-b092-4ae5-9f22-aa087dab6158,SOULtree Hair Studio,2970b Robinson Rd,48.397298837838,-123.77673664254,"[-123.77674865722656, 48.39729309082031, -123.7767333984375, 48.397300720214844]",,,"[-123.77674865722656, 48.39729309082031, -123.7767333984375, 48.397300720214844]",original_place,
861d186f-8b25-4823-8bc6-61bf9eddfa55,Sooke Towing,3366 Otter Point Rd,48.394140469132665,-123.77714282490493,"[-123.77714538574219, 48.394134521484375, -123.77713012695312, 48.394142150878906]",f21b78ed-5b8b-4a10-a130-75b3539386b4,"[-123.77723693847656, 48.39412307739258, -123.77703094482422, 48.39427185058594]","[-123.77723693847656, 48.39412307739258, -123.77703094482422, 48.39427185058594]",building,
0336ce0f-d4b2-43f4-b255-3b1ef6bbd238,Sooke Soil and Landscape,2830 Ramsden Rd,48.3908112,-123.77827054,"[-123.77828216552734, 48.390804290771484, -123.77826690673828, 48.390811920166016]",,,"[-123.77828216552734, 48.390804290771484, -123.77826690673828, 48.390811920166016]",original_place,
c5a20b64-be1e-44ad-9daa-267bbe75c315,Forest Cooperage,2810 Ramsden Rd,48.39109062,-123.77846383,"[-123.7784652709961, 48.391090393066406, -123.77845001220703, 48.39109802246094]",,,"[-123.7784652709961, 48.391090393066406, -123.77845001220703, 48.39109802246094]",original_place,
16cbb9ce-ed5e-412d-9619-3562d06ed3bc,Warburton Woodworks Ltd,3542 Otter Point Rd,48.38983207,-123.78378689,"[-123.7837905883789, 48.38983154296875, -123.78377532958984, 48.38983917236328]",c6f4a08a-c187-4631-94d2-c7e6267fea8f,"[-123.78398895263672, 48.389678955078125, -123.78362274169922, 48.389869689941406]","[-123.78398895263672, 48.389678955078125, -123.78362274169922, 48.389869689941406]",building,
0bbbe36e-f9de-4a13-bdc3-99d2868788f9,The Otter Point Volunteer Fire Department,3727 Otter Point Rd,48.38589344,-123.79286071,"[-123.79286193847656, 48.385887145996094, -123.7928466796875, 48.385894775390625]",,,"[-123.79286193847656, 48.385887145996094, -123.7928466796875, 48.385894775390625]",original_place,
1558e4b8-ad2b-47d9-a98f-9af49f1d35f3,T & A Farm,4033 Otter Point Rd,48.3803399,-123.80455,"[-123.80455017089844, 48.380332946777344, -123.80453491210938, 48.380340576171875]",,,"[-123.80455017089844, 48.380332946777344, -123.80453491210938, 48.380340576171875]",original_place,
068c16a1-cf10-4b7c-bdf1-210e1aed01fd,Kemp Lake Chubb Rd.,,48.3776053231645,-123.78519132308777,"[-123.78519439697266, 48.37759780883789, -123.7851791381836, 48.37760543823242]",,,"[-123.78519439697266, 48.37759780883789, -123.7851791381836, 48.37760543823242]",original_place,
f6e01351-f57a-4d0b-9f86-aa11f2000fa6,VI Goga - Vancouver Island Goat Yoga,7770 hemlock road,48.382166,-123.781546,"[-123.78154754638672, 48.38216018676758, -123.78153228759766, 48.38216781616211]",,,"[-123.78154754638672, 48.38216018676758, -123.78153228759766, 48.38216781616211]",original_place,
4634387b-2d7f-40bb-9c03-18028ba34cef,Calming Cedar Massage and Therapies,7791 Hemlock Rd,48.38181041,-123.78164298,"[-123.78164672851562, 48.38180923461914, -123.78163146972656, 48.38181686401367]",52c1473d-b14f-485d-8f5a-4a8ec04e98ca,"[-123.78180694580078, 48.38173294067383, -123.78146362304688, 48.38191604614258]","[-123.78180694580078, 48.38173294067383, -123.78146362304688, 48.38191604614258]",building,
f838184e-d737-4d71-9972-4d014e7ae00c,Kemp Lake Waterworks District,7836 W Coast Rd,48.365446,-123.789631,"[-123.78963470458984, 48.36544418334961, -123.78961944580078, 48.36545181274414]",,,"[-123.78963470458984, 48.36544418334961, -123.78961944580078, 48.36545181274414]",original_place,
a2577960-311d-417e-85d7-dcc6c186bab1,4 Beaches Bed & Breakfast,7760 W Coast Rd,48.36754115,-123.78438484,"[-123.78438568115234, 48.36753463745117, -123.78437042236328, 48.3675422668457]",61bf31a9-0abb-4883-b731-e2fd291051f4,"[-123.78458404541016, 48.3674430847168, -123.78427124023438, 48.36765670776367]","[-123.78458404541016, 48.3674430847168, -123.78427124023438, 48.36765670776367]",building,
dbd53492-65ca-4a3b-a8f5-f713bea8d954,Barefoot Farm,2263 Kemp Lake Rd,48.366556925128,-123.79705667496,"[-123.79705810546875, 48.36655044555664, -123.79704284667969, 48.36655807495117]",,,"[-123.79705810546875, 48.36655044555664, -123.79704284667969, 48.36655807495117]",original_place,
8cadc62a-05cb-49a9-b0a1-326744881fea,High Tide Cannabis,7875 W Coast Rd,48.36584706,-123.79326817,"[-123.79328155517578, 48.365840911865234, -123.79326629638672, 48.365848541259766]",af97b94d-0e29-4dbc-a41f-f5b4f2d1481d,"[-123.79337310791016, 48.365787506103516, -123.79319763183594, 48.36595916748047]","[-123.79337310791016, 48.365787506103516, -123.79319763183594, 48.36595916748047]",building,
6eda8fd3-7b43-4ec9-9f77-7aca4e16d7c8,WilderQuest Cabin Retreat,8002 W Coast Rd,48.36357,-123.80028,"[-123.80029296875, 48.363563537597656, -123.80027770996094, 48.36357116699219]",,,"[-123.80029296875, 48.363563537597656, -123.80027770996094, 48.36357116699219]",original_place,
d2afd99b-1fb4-4ef6-a217-ce3beca20307,A Point Of View Bed & Breakfast,7954 W Coast Rd,48.36357979240295,-123.8008857873786,"[-123.80088806152344, 48.36357879638672, -123.80087280273438, 48.36358642578125]",,,"[-123.80088806152344, 48.36357879638672, -123.80087280273438, 48.36358642578125]",original_place,
91291074-0795-439b-a4b1-8168ac48db16,Driftwood Beach House by BC Island Vacation Homes,7997 W Coast Rd,48.363027,-123.802912,"[-123.80292510986328, 48.3630256652832, -123.80290985107422, 48.363033294677734]",127f5712-e6aa-43ea-9187-c884b69a67dc,"[-123.80303192138672, 48.362972259521484, -123.80286407470703, 48.36305618286133]","[-123.80303192138672, 48.362972259521484, -123.80286407470703, 48.36305618286133]",building,
d22f062b-c21e-4760-aa57-57eb2b4ad021,Straitview Ridge Bed and Breakfast,4532 Otter Point Rd,48.37345991,-123.82882256,"[-123.8288345336914, 48.37345886230469, -123.82881927490234, 48.37346649169922]",,,"[-123.8288345336914, 48.37345886230469, -123.82881927490234, 48.37346649169922]",original_place,
061f3acf-7c05-42a3-a5f8-0bf2eea380ee,Gordons Beach Farm Stay,4537 Otter Point Rd,48.37264704,-123.83350111,"[-123.83350372314453, 48.37264633178711, -123.83348846435547, 48.37265396118164]",,,"[-123.83350372314453, 48.37264633178711, -123.83348846435547, 48.37265396118164]",original_place,
a0fd6dfa-e1cd-4a31-b4e5-52f7355a0528,Tugwell Creek Honey Farm & Meadery,8750 West Coast Rd,48.3697482,-123.8342756,"[-123.83428955078125, 48.369747161865234, -123.83427429199219, 48.369754791259766]",,,"[-123.83428955078125, 48.369747161865234, -123.83427429199219, 48.369754791259766]",original_place,
79b9a9fa-8e35-4378-a41f-e525110c70b4,Orca View Cottage,8105 W Coast Rd,48.36087559,-123.80964835,"[-123.80966186523438, 48.36087417602539, -123.80964660644531, 48.36088180541992]",,,"[-123.80966186523438, 48.36087417602539, -123.80964660644531, 48.36088180541992]",original_place,
8d2477c4-ce5e-4f2b-ab25-24c045cad3cc,Marge's Manor,8105 W Coast Rd,48.360716582501745,-123.81011560000336,"[-123.81012725830078, 48.36071014404297, -123.81011199951172, 48.3607177734375]",,,"[-123.81012725830078, 48.36071014404297, -123.81011199951172, 48.3607177734375]",original_place,
ea4ba4e0-7bbb-42da-b888-6b46e5850a02,Rocky Point Vacation Rentals,"8087 West Coast Rd, Juan De Fuca Hwy",48.36113017,-123.80818817,"[-123.80818939208984, 48.36112976074219, -123.80817413330078, 48.36113739013672]",,,"[-123.80818939208984, 48.36112976074219, -123.80817413330078, 48.36113739013672]",original_place,
d1eeedd2-339a-4e2e-b210-8518c4120bba,Handsome Dan's at Otter Point,,48.36166233,-123.80762064,"[-123.80763244628906, 48.361656188964844, -123.8076171875, 48.361663818359375]",,,"[-123.80763244628906, 48.361656188964844, -123.8076171875, 48.361663818359375]",original_place,
d91dcde0-8aa6-4f10-8ca1-13efe3aeff4f,Eagle Cove Beachfront Guest Suites,8061 W Coast Rd,48.36122465,-123.80690463,"[-123.8069076538086, 48.3612174987793, -123.80689239501953, 48.36122512817383]",,,"[-123.8069076538086, 48.3612174987793, -123.80689239501953, 48.36122512817383]",original_place,
a5ba11ff-eeab-4060-9b43-ab743cbdf09e,Surfside Cottage,8073 W Coast Rd,48.36093696,-123.80777206,"[-123.80778503417969, 48.36093521118164, -123.80776977539062, 48.36094284057617]",,,"[-123.80778503417969, 48.36093521118164, -123.80776977539062, 48.36094284057617]",original_place,
3674c8e3-a31d-4406-aaa5-b79618c8854a,Sandcut Beach,,48.35942204403,-123.8180730752,"[-123.81808471679688, 48.35942077636719, -123.81806945800781, 48.35942840576172]",,,"[-123.81808471679688, 48.35942077636719, -123.81806945800781, 48.35942840576172]",original_place,
506f02ec-cf02-4ab2-900c-33b9fcd02dec,Acre By The Sea Guest Suite,8280 W Coast Rd,48.35908349,-123.81991258,"[-123.81991577148438, 48.35907745361328, -123.81990051269531, 48.35908508300781]",762ee6c1-89bd-4569-b9b8-ed968ffaae99,"[-123.81996154785156, 48.35895538330078, -123.81951141357422, 48.35910415649414]","[-123.81996154785156, 48.35895538330078, -123.81951141357422, 48.35910415649414]",building,
55cf9255-c5b2-4aeb-95af-0b0d597667b5,T'Sou-ke bye by BC Island Vacation Homes,8283 W Coast Rd,48.358446,-123.81895,"[-123.81896209716797, 48.35844421386719, -123.8189468383789, 48.35845184326172]",,,"[-123.81896209716797, 48.35844421386719, -123.8189468383789, 48.35845184326172]",original_place,
bf1d2a2b-8f2b-4412-9ee0-b66925ec2583,Otter Point BC,8485 W Coast Rd,48.357874,-123.822655,"[-123.82266998291016, 48.35786819458008, -123.8226547241211, 48.35787582397461]",,,"[-123.82266998291016, 48.35786819458008, -123.8226547241211, 48.35787582397461]",original_place,
403d19ca-18f9-4659-96d4-ed27a51520b3,Muir Point,,48.35805,-123.74974,"[-123.74974060058594, 48.3580436706543, -123.74972534179688, 48.35805130004883]",,,"[-123.74974060058594, 48.3580436706543, -123.74972534179688, 48.35805130004883]",original_place,
a5a02a77-463c-4e6a-9c2e-1fa2d17b51f0,"Laara Yaghujaanas, M.A. dba Carden Consulting",7375 McMillan Rd,48.359599,-123.752384,"[-123.75239562988281, 48.35959243774414, -123.75238037109375, 48.35960006713867]",,,"[-123.75239562988281, 48.35959243774414, -123.75238037109375, 48.35960006713867]",original_place,
a6ee918a-fdbb-4f14-9109-9522eb6468ef,Sooke Sailing Association,7369 W Coast Rd,48.37156763,-123.76263779,"[-123.76264953613281, 48.37156677246094, -123.76263427734375, 48.37157440185547]",,,"[-123.76264953613281, 48.37156677246094, -123.76263427734375, 48.37157440185547]",original_place,
e72b8fb5-35ea-4ee9-b0e8-33002c620ac7,Park-Isle Marine,7369 W Coast Rd,48.37182227,-123.76431009,"[-123.76431274414062, 48.3718147277832, -123.76429748535156, 48.371822357177734]",,,"[-123.76431274414062, 48.3718147277832, -123.76429748535156, 48.371822357177734]",original_place,
67f805b7-151d-41e1-bb83-cb89d4e73542,Ocean Planet Adventures - Dive Sooke,7369 W Coast Rd,48.371476,-123.767806,"[-123.76780700683594, 48.37147521972656, -123.76779174804688, 48.371482849121094]",,,"[-123.76780700683594, 48.37147521972656, -123.76779174804688, 48.371482849121094]",original_place,
44a507b9-f4bf-456c-b02a-374a2c12d004,Propulsion Marine,"7369-B, W Coast Rd",48.37168889,-123.765833,"[-123.7658462524414, 48.37168884277344, -123.76583099365234, 48.37169647216797]",c5575204-8097-49b2-abfe-627b99a456ac,"[-123.76593017578125, 48.37160873413086, -123.76570892333984, 48.37172317504883]","[-123.76593017578125, 48.37160873413086, -123.76570892333984, 48.37172317504883]",building,
9308e9fa-ecdb-43b7-b874-4032b3a88e61,Ella Beach,Ella Rd,48.36880349,-123.76020381,"[-123.76021575927734, 48.368797302246094, -123.76020050048828, 48.368804931640625]",,,"[-123.76021575927734, 48.368797302246094, -123.76020050048828, 48.368804931640625]",original_place,
3a62728c-8f19-47de-b630-7b0254542608,Erinan Estates,Erinan Blvd,48.3732362,-123.7541935,"[-123.75419616699219, 48.37322998046875, -123.75418090820312, 48.37323760986328]",b783b878-51ce-4848-9e04-edde2687076a,"[-123.7545166015625, 48.37322998046875, -123.75415802001953, 48.3734245300293]","[-123.7545166015625, 48.37322998046875, -123.75415802001953, 48.3734245300293]",building,
1b04057b-4056-4d51-b58c-6bb34dd7f505,Sooke Computers,2198 Henlyn Dr,48.37461700000001,-123.7504406,"[-123.75044250488281, 48.374610900878906, -123.75042724609375, 48.37461853027344]",,,"[-123.75044250488281, 48.374610900878906, -123.75042724609375, 48.37461853027344]",original_place,
d97a9710-c367-4aa4-a97e-758e7df5ccd6,Rogue Salon and Beauty Bar,2141 Henlyn Dr,48.374428,-123.750651,"[-123.75066375732422, 48.374427795410156, -123.75064849853516, 48.37443542480469]",8a487fc8-0cb8-46d1-8e60-ed33d8870dea,"[-123.75083923339844, 48.37438201904297, -123.75054168701172, 48.374542236328125]","[-123.75083923339844, 48.37438201904297, -123.75054168701172, 48.374542236328125]",building,
8345cbe6-438d-4f07-b176-acf9df690202,CloverCare Massage,2265 Henlyn Dr,48.37697507,-123.75103186,"[-123.75104522705078, 48.37696838378906, -123.75102996826172, 48.376976013183594]",,,"[-123.75104522705078, 48.37696838378906, -123.75102996826172, 48.376976013183594]",original_place,
04f3cc9f-8967-41ac-b41d-e6c2f8720ec9,"Assisted Rides - Rides for Seniors to Appointments, Ferry, Airport or Store Sooke BC","7142 Grant Rd W, #13",48.373586,-123.74801,"[-123.7480239868164, 48.37358474731445, -123.74800872802734, 48.373592376708984]",,,"[-123.7480239868164, 48.37358474731445, -123.74800872802734, 48.373592376708984]",original_place,
effeb796-34cf-4c6a-b13b-4fab4696f55b,Onda Electric,7124 Grant Rd W,48.3736157,-123.7467218,"[-123.74673461914062, 48.37361526489258, -123.74671936035156, 48.37362289428711]",,,"[-123.74673461914062, 48.37361526489258, -123.74671936035156, 48.37362289428711]",original_place,
fab00788-d649-4f72-b4ed-898899ca8b17,John Muir Elementary School,7179 W Coast Rd,48.37117687,-123.74897826,"[-123.74899291992188, 48.37117004394531, -123.74897766113281, 48.371177673339844]",,,"[-123.74899291992188, 48.37117004394531, -123.74897766113281, 48.371177673339844]",original_place,
dab7cf4b-5fca-4a50-846a-a00c926bc8a9,Sooke Bay Marine Centre,West Coast Rd,48.37245,-123.7504,"[-123.75041198730469, 48.37244415283203, -123.75039672851562, 48.37245178222656]",,,"[-123.75041198730469, 48.37244415283203, -123.75039672851562, 48.37245178222656]",original_place,
0621f79e-d7de-4dc9-a666-26c600c1ff1c,Ed MacGregor Park,W Coast Rd,48.3704187,-123.7479136,"[-123.74791717529297, 48.370418548583984, -123.7479019165039, 48.370426177978516]",,,"[-123.74791717529297, 48.370418548583984, -123.7479019165039, 48.370426177978516]",original_place,
83b73926-efb3-4617-a0ff-4bb2df2feb53,Sooke Country Market,7149 W Coast Rd,48.36948714,-123.74657154,"[-123.74657440185547, 48.36948013305664, -123.7465591430664, 48.36948776245117]",,,"[-123.74657440185547, 48.36948013305664, -123.7465591430664, 48.36948776245117]",original_place,
8eb7832b-d115-4dc9-bc9e-8b1ada68290c,Woodside Farm,7149 W Coast Rd,48.36955665,-123.74647162,"[-123.74647521972656, 48.36955642700195, -123.7464599609375, 48.369564056396484]",,,"[-123.74647521972656, 48.36955642700195, -123.7464599609375, 48.369564056396484]",original_place,
416b7c47-ec2d-491c-ac5f-3af1f771fc9c,Temple of THEA,1661b Whiffen Spit Rd,48.36035,-123.73645,"[-123.7364501953125, 48.36034393310547, -123.73643493652344, 48.3603515625]",,,"[-123.7364501953125, 48.36034393310547, -123.73643493652344, 48.3603515625]",original_place,
d2dbcce6-74bf-4fd1-810c-89b3c034123b,Water's Edge Acupuncture Clinic,7022 Wright Rd,48.36421193,-123.7354557,"[-123.73545837402344, 48.36420440673828, -123.73544311523438, 48.36421203613281]",,,"[-123.73545837402344, 48.36420440673828, -123.73544311523438, 48.36421203613281]",original_place,
a0eda713-c4ff-4958-aae7-6954987899d7,Whiffin Spit Lodge Bed & Breakfast,7031 W Coast Rd,48.365728,-123.736355,"[-123.73635864257812, 48.365726470947266, -123.73634338378906, 48.3657341003418]",24a667ee-2b97-4409-81c9-689c910b5fc8,"[-123.73650360107422, 48.365596771240234, -123.73625946044922, 48.36574935913086]","[-123.73650360107422, 48.365596771240234, -123.73625946044922, 48.36574935913086]",building,
e41ab7d3-7212-4130-a9af-6785627944fe,Heron View,6995 Nordin Rd,48.36517899,-123.73480625,"[-123.73480987548828, 48.365177154541016, -123.73479461669922, 48.36518478393555]",,,"[-123.73480987548828, 48.365177154541016, -123.73479461669922, 48.36518478393555]",original_place,
a4838f18-f7c3-408c-a5c7-bc0ab4086a88,Canadian Conservation Photographers Collective,6995 Nordin Rd,48.36584,-123.73197,"[-123.73197174072266, 48.3658332824707, -123.7319564819336, 48.365840911865234]",,,"[-123.73197174072266, 48.3658332824707, -123.7319564819336, 48.365840911865234]",original_place,
116915bb-3355-48fc-993d-62ab645fc989,Adventures By HIP,6971 W Coast Rd,48.36640757,-123.73020706,"[-123.73020935058594, 48.36640167236328, -123.73019409179688, 48.36640930175781]",,,"[-123.73020935058594, 48.36640167236328, -123.73019409179688, 48.36640930175781]",original_place,
113a0718-fcfc-4b90-9a96-947225d2f397,Neptune Wildlife Tours,6971 W Coast Rd,48.36639221,-123.73012452,"[-123.7301254272461, 48.36638641357422, -123.73011016845703, 48.36639404296875]",,,"[-123.7301254272461, 48.36638641357422, -123.73011016845703, 48.36639404296875]",original_place,
238d1fbd-3f1e-4e2d-a38d-c2c6461cd213,Sooke Harbour Resort & Marina,6971 W Coast Rd,48.36647328,-123.73151793,"[-123.73152160644531, 48.3664665222168, -123.73150634765625, 48.36647415161133]",,,"[-123.73152160644531, 48.3664665222168, -123.73150634765625, 48.36647415161133]",original_place,
53025e25-6e69-48b5-8133-fef10342b0dc,West Coast Outdoor Adventure,6971 W Coast Rd,48.36634353,-123.73123727,"[-123.73123931884766, 48.366336822509766, -123.7312240600586, 48.3663444519043]",,,"[-123.73123931884766, 48.366336822509766, -123.7312240600586, 48.3663444519043]",original_place,
e4abe408-396a-403d-932e-7136265b0dc0,Shore Thing Sooke,6971 W Coast Rd,48.36648737103396,-123.73192451390261,"[-123.73192596435547, 48.366485595703125, -123.7319107055664, 48.366493225097656]",,,"[-123.73192596435547, 48.366485595703125, -123.7319107055664, 48.366493225097656]",original_place,
75a3d8ec-ebad-4647-86be-485b45e245d8,Goin Coastal Fishing Charters,6971 W Coast Rd,48.36648081,-123.73369477,"[-123.73369598388672, 48.36647415161133, -123.73368072509766, 48.36648178100586]",,,"[-123.73369598388672, 48.36647415161133, -123.73368072509766, 48.36648178100586]",original_place,
1f67b192-7c54-42fa-8f9d-3bb2a0d2ffa4,"True Key Vacations Ltd. - Sooke, BC",6971 W Coast Rd,48.366511,-123.733558,"[-123.73355865478516, 48.36650466918945, -123.7335433959961, 48.366512298583984]",5e900228-93bb-4090-ab75-0a29642ac6fa,"[-123.73374938964844, 48.36647033691406, -123.7332992553711, 48.36665344238281]","[-123.73374938964844, 48.36647033691406, -123.7332992553711, 48.36665344238281]",building,
4c1aac5c-0e15-4420-a6c2-b778de03c285,Bluewolf Charters,6971 W Coast Rd,48.366605,-123.733397,"[-123.7333984375, 48.36660385131836, -123.73338317871094, 48.36661148071289]",5e900228-93bb-4090-ab75-0a29642ac6fa,"[-123.73374938964844, 48.36647033691406, -123.7332992553711, 48.36665344238281]","[-123.73374938964844, 48.36647033691406, -123.7332992553711, 48.36665344238281]",building,
a3f1ab81-6651-448a-88b0-a67d17b4d357,Spencers Sport Fishing,6971 W Coast Rd,48.36673,-123.73331,"[-123.73332214355469, 48.366729736328125, -123.73330688476562, 48.366737365722656]",,,"[-123.73332214355469, 48.366729736328125, -123.73330688476562, 48.366737365722656]",original_place,
8e7dff42-b178-48f5-90ac-72eb582fa3eb,Bluefin Fishing Adventures,6947 W Coast Rd,48.3670652,-123.73237818,"[-123.73239135742188, 48.36705780029297, -123.73237609863281, 48.3670654296875]",,,"[-123.73239135742188, 48.36705780029297, -123.73237609863281, 48.3670654296875]",original_place,
8b0d6e1b-b881-4e27-8441-f4db6bff38cc,Best Western Hotels & Resorts,6929 West Coast Road,48.36726236,-123.73078304,"[-123.73079681396484, 48.36725616455078, -123.73078155517578, 48.36726379394531]",,,"[-123.73079681396484, 48.36725616455078, -123.73078155517578, 48.36726379394531]",original_place,
69e28b1d-dd1e-43d7-ab0d-3c3cfed9564a,Prestige Marina and Fuel Sooke,"On the water in front of the Prestige Resort, 6929 W Coast Rd",48.36730159,-123.73018546,"[-123.73018646240234, 48.36729431152344, -123.73017120361328, 48.36730194091797]",523a53a6-acfa-4ff3-9da1-7034280a916f,"[-123.73060607910156, 48.36707305908203, -123.72958374023438, 48.36757278442383]","[-123.73060607910156, 48.36707305908203, -123.72958374023438, 48.36757278442383]",building,
e5434333-bbe0-46a3-8e12-6c7961937893,Le Sooke Spa,6929 W Coast Rd,48.367283,-123.730141,"[-123.73015594482422, 48.36728286743164, -123.73014068603516, 48.36729049682617]",523a53a6-acfa-4ff3-9da1-7034280a916f,"[-123.73060607910156, 48.36707305908203, -123.72958374023438, 48.36757278442383]","[-123.73060607910156, 48.36707305908203, -123.72958374023438, 48.36757278442383]",building,
80e55c21-a257-4e44-8e31-7fb0f6c95095,Island Tarts Cafe and Catering,"Inside Prestige Oceanfront Resort, 6929 W Coast Rd",48.36733456,-123.73019317,"[-123.73019409179688, 48.36732864379883, -123.73017883300781, 48.36733627319336]",523a53a6-acfa-4ff3-9da1-7034280a916f,"[-123.73060607910156, 48.36707305908203, -123.72958374023438, 48.36757278442383]","[-123.73060607910156, 48.36707305908203, -123.72958374023438, 48.36757278442383]",building,
6b634096-606a-48ba-8474-812262f6b736,Prestige Oceanfront Resort,6929 W Coast Rd,48.3673512,-123.7301413,"[-123.73015594482422, 48.36734390258789, -123.73014068603516, 48.36735153198242]",523a53a6-acfa-4ff3-9da1-7034280a916f,"[-123.73060607910156, 48.36707305908203, -123.72958374023438, 48.36757278442383]","[-123.73060607910156, 48.36707305908203, -123.72958374023438, 48.36757278442383]",building,
cada77ac-d1bd-4a02-b4d3-edde4e1dd339,West Coast Grill,6929 W Coast Rd,48.36728225,-123.73048661,"[-123.73049926757812, 48.36727523803711, -123.73048400878906, 48.36728286743164]",,,"[-123.73049926757812, 48.36727523803711, -123.73048400878906, 48.36728286743164]",original_place,
b6f5d6e2-2907-47d5-94d3-9c613b13471f,Vault,6929 W Coast Rd,48.36745199,-123.73056925,"[-123.73058319091797, 48.36745071411133, -123.7305679321289, 48.36745834350586]",,,"[-123.73058319091797, 48.36745071411133, -123.7305679321289, 48.36745834350586]",original_place,
53eeb88a-aed7-4e93-9857-6f348f170c26,Coastal Tides Day Spa,6929 W Coast Rd Level 1,48.36744141,-123.73032713,"[-123.73033905029297, 48.367435455322266, -123.7303237915039, 48.3674430847168]",523a53a6-acfa-4ff3-9da1-7034280a916f,"[-123.73060607910156, 48.36707305908203, -123.72958374023438, 48.36757278442383]","[-123.73060607910156, 48.36707305908203, -123.72958374023438, 48.36757278442383]",building,
5f4d6d47-5684-46fb-b5cb-a2e37f476db5,Yesaki Wine and Raw Bar,6929 W Coast Rd,48.36729242,-123.73131837,"[-123.73133087158203, 48.367286682128906, -123.73131561279297, 48.36729431152344]",,,"[-123.73133087158203, 48.367286682128906, -123.73131561279297, 48.36729431152344]",original_place,
ee10a0c7-3a1f-49fe-9ffe-5a298a24136b,Cascade Fire Protection 2012,6908 West Coast Road,48.3686673,-123.7308019,"[-123.73080444335938, 48.36865997314453, -123.73078918457031, 48.36866760253906]",0992b7ba-fe78-4743-94fc-b37c1d3a530b,"[-123.73102569580078, 48.36859130859375, -123.73067474365234, 48.368743896484375]","[-123.73102569580078, 48.36859130859375, -123.73067474365234, 48.368743896484375]",building,
efbff6cc-23fe-43c1-b281-0358ff30fdb9,Sasquatch Home Services,6631 West Coast,48.36559123864921,-123.74116676192293,"[-123.74118041992188, 48.36558532714844, -123.74116516113281, 48.36559295654297]",,,"[-123.74118041992188, 48.36558532714844, -123.74116516113281, 48.36559295654297]",original_place,
1bbbdad9-896b-4518-8da0-7534c7ee02f2,Full Service Banking Centre,"6679 Sooke Rd., Pob. 459",48.36592,-123.74043,"[-123.74043273925781, 48.36591339111328, -123.74041748046875, 48.36592102050781]",,,"[-123.74043273925781, 48.36591339111328, -123.74041748046875, 48.36592102050781]",original_place,
935c559d-0056-4fb6-9d20-f78b1690b311,Sooke Baptist Church,7110 W Coast Rd,48.36807786,-123.74328174,"[-123.74329376220703, 48.36807632446289, -123.74327850341797, 48.36808395385742]",,,"[-123.74329376220703, 48.36807632446289, -123.74327850341797, 48.36808395385742]",original_place,
a30346c5-896d-4d75-a529-28f895976157,Joanne's Hair Design,7090 Grant Rd W,48.3742586,-123.74508342,"[-123.74508666992188, 48.37425231933594, -123.74507141113281, 48.37425994873047]",,,"[-123.74508666992188, 48.37425231933594, -123.74507141113281, 48.37425994873047]",original_place,
d5693a77-3733-48b4-96df-d51ccc955eaf,Sooke Harbour Pet Resort,7055 Grant Rd W,48.37457571,-123.74338398,"[-123.7433853149414, 48.374568939208984, -123.74337005615234, 48.374576568603516]",,,"[-123.7433853149414, 48.374568939208984, -123.74337005615234, 48.374576568603516]",original_place,
84556c0e-d133-48ce-bd9b-6d9311eb6902,Grant Rd Groomers,7045 Grant Rd W,48.37463367,-123.74249666,"[-123.74250030517578, 48.37462615966797, -123.74248504638672, 48.3746337890625]",,,"[-123.74250030517578, 48.37462615966797, -123.74248504638672, 48.3746337890625]",original_place,
7ba2d143-3653-48a3-ad62-be0e8c50c916,Earthwise Painting Contractor,7038 Grant Rd W,48.3750114,-123.7419655,"[-123.7419662475586, 48.375003814697266, -123.74195098876953, 48.3750114440918]",,,"[-123.7419662475586, 48.375003814697266, -123.74195098876953, 48.3750114440918]",original_place,
41fb9e42-d039-4bd0-970f-073053124e5f,Silver Linings Hair Studio,2206 Winfield Dr,48.3761308,-123.7428916,"[-123.74290466308594, 48.376129150390625, -123.74288940429688, 48.376136779785156]",,,"[-123.74290466308594, 48.376129150390625, -123.74288940429688, 48.376136779785156]",original_place,
469c7b9a-17ad-40bf-a564-ff2c51f200a2,Westshore Fencing,6954 Grant Rd W,48.37637135,-123.73783605,"[-123.73783874511719, 48.37636947631836, -123.73782348632812, 48.37637710571289]",,,"[-123.73783874511719, 48.37636947631836, -123.73782348632812, 48.37637710571289]",original_place,
67a201a5-d694-471d-9860-284b5b456744,Orange Taxi Inc,2048 Maple Avenue South,48.37430009,-123.73829507,"[-123.73829650878906, 48.37429428100586, -123.73828125, 48.37430191040039]",,,"[-123.73829650878906, 48.37429428100586, -123.73828125, 48.37430191040039]",original_place,
c4ec81c7-78e0-4110-8bd7-2846b8e69aad,"Good Neighbours Fencing - Custom Wood, Deer & Chain Link Fencing Sooke BC",2084 Maple Ave N,48.3749154,-123.7392085,"[-123.73921203613281, 48.374908447265625, -123.73919677734375, 48.374916076660156]",,,"[-123.73921203613281, 48.374908447265625, -123.73919677734375, 48.374916076660156]",original_place,
289b30ae-304f-47c6-9786-2a121dd562d6,Dr. Donna Ogden,7021 Grant Rd W,48.37507779,-123.74127663,"[-123.74127960205078, 48.37507629394531, -123.74126434326172, 48.375083923339844]",,,"[-123.74127960205078, 48.37507629394531, -123.74126434326172, 48.375083923339844]",original_place,
c76cc15e-1814-4881-bff9-b555241b5221,Mystic Beach Adventures Inc,6918 Grant Rd W,48.376914,-123.736635,"[-123.73664855957031, 48.37690734863281, -123.73663330078125, 48.376914978027344]",7ac8db85-903e-4d64-abac-f0638ea82408,"[-123.73682403564453, 48.376853942871094, -123.73658752441406, 48.37697982788086]","[-123.73682403564453, 48.376853942871094, -123.73658752441406, 48.37697982788086]",building,
08fe2228-3f79-400c-8ac8-9f4acfc942b3,Happy Carpet Cleaners,7055 W Coast Rd,48.377138812365885,-123.73299239820956,"[-123.73299407958984, 48.377132415771484, -123.73297882080078, 48.377140045166016]",b8dc7165-b87b-4ea3-8dc3-261330df3289,"[-123.73320007324219, 48.37710952758789, -123.7329330444336, 48.377315521240234]","[-123.73320007324219, 48.37710952758789, -123.7329330444336, 48.377315521240234]",building,
091904a4-69a4-45d2-9aef-548ab677f66a,New Bloom Photography,2016 Stone Hearth Ln,48.37624516,-123.73160111,"[-123.73161315917969, 48.376243591308594, -123.73159790039062, 48.376251220703125]",,,"[-123.73161315917969, 48.376243591308594, -123.73159790039062, 48.376251220703125]",original_place,
ef9f43db-4cd9-4a71-af39-59db1aaaf37c,Stone Hearth Wellness,2020 Stone Hearth Ln,48.37620126,-123.73128537,"[-123.7313003540039, 48.37619400024414, -123.73128509521484, 48.37620162963867]",,,"[-123.7313003540039, 48.37619400024414, -123.73128509521484, 48.37620162963867]",original_place,
d2bb7c7d-fc1c-4e59-952d-6aa3d014bb30,Stonetaffy Design,2011 Caldwell ave,48.3750637,-123.7316069,"[-123.73162078857422, 48.375057220458984, -123.73160552978516, 48.375064849853516]",,,"[-123.73162078857422, 48.375057220458984, -123.73160552978516, 48.375064849853516]",original_place,
6f0f557e-3c6f-49a4-82ef-fc8f97610ee8,Eye Candy Lash and Brow Bar,6836 Eustace Rd W,48.37525322,-123.73107306,"[-123.73108673095703, 48.37525177001953, -123.73107147216797, 48.37525939941406]",,,"[-123.73108673095703, 48.37525177001953, -123.73107147216797, 48.37525939941406]",original_place,
997f5acf-633e-4a2b-b435-ede5322f9dae,Pearson Pump and Septic Ltd.,1930 Maple Avenue South,48.37112889,-123.73261306,"[-123.73262786865234, 48.37112808227539, -123.73261260986328, 48.37113571166992]",084a5fc5-4fcf-4086-af21-a64d718a212d,"[-123.73268127441406, 48.37106704711914, -123.73250579833984, 48.37118148803711]","[-123.73268127441406, 48.37106704711914, -123.73250579833984, 48.37118148803711]",building,
512a441b-0044-407b-a285-e4ca7a23d2cd,The Residences On Sooke Harbour,Maple Avenue South,48.3717461,-123.73405,"[-123.73406219482422, 48.37174606323242, -123.73404693603516, 48.37175369262695]",e6f9ee23-09cd-4d62-89a4-0ec38ddf2956,"[-123.73434448242188, 48.37167739868164, -123.73404693603516, 48.371856689453125]","[-123.73434448242188, 48.37167739868164, -123.73404693603516, 48.371856689453125]",building,
e0b3a315-ab33-47c4-b5b3-fd9f6c54345e,Artistigon,1926 Tominny Rd,48.3701422,-123.7337634,"[-123.7337646484375, 48.37013626098633, -123.73374938964844, 48.37014389038086]",,,"[-123.7337646484375, 48.37013626098633, -123.73374938964844, 48.37014389038086]",original_place,
62de063f-b700-420d-b96e-91dd4ff78460,Powersoft Development Corporation,6868 W Coast Rd #1,48.36984819,-123.72902928,"[-123.72904205322266, 48.36984634399414, -123.7290267944336, 48.36985397338867]",,,"[-123.72904205322266, 48.36984634399414, -123.7290267944336, 48.36985397338867]",original_place,
9879af08-2c74-4f9b-961e-2a11ab7c32d5,The Church of Jesus Christ of Latter-day Saints,6868 West Coast Road,48.369514,-123.7292569,"[-123.7292709350586, 48.3695068359375, -123.72925567626953, 48.36951446533203]",,,"[-123.7292709350586, 48.3695068359375, -123.72925567626953, 48.36951446533203]",original_place,
6b9e758e-171b-4a9d-892e-1c5fb6efe9b2,Silver Streak Boats Ltd.,6864 W Coast Rd,48.36996863,-123.72931153,"[-123.72932434082031, 48.36996841430664, -123.72930908203125, 48.36997604370117]",,,"[-123.72932434082031, 48.36996841430664, -123.72930908203125, 48.36997604370117]",original_place,
fd87fd6b-757d-4c36-816c-0a0a91f15efa,Buffy's Pub and Liquor Store,6858 W Coast Rd,48.37060503928794,-123.72928339779683,"[-123.72928619384766, 48.37059783935547, -123.7292709350586, 48.37060546875]",5bd61f56-3493-4c0a-a51a-e214982527f5,"[-123.72972869873047, 48.370460510253906, -123.72909545898438, 48.37071990966797]","[-123.72972869873047, 48.370460510253906, -123.72909545898438, 48.37071990966797]",building,
521ad03e-17fc-4fdc-b349-d87b4a6efc67,Stella Artois,6858 W Coast Rd,48.370532582102165,-123.72917036619401,"[-123.72917175292969, 48.37052536010742, -123.72915649414062, 48.37053298950195]",5bd61f56-3493-4c0a-a51a-e214982527f5,"[-123.72972869873047, 48.370460510253906, -123.72909545898438, 48.37071990966797]","[-123.72972869873047, 48.370460510253906, -123.72909545898438, 48.37071990966797]",building,
c23575bd-9062-4d47-8952-55bf93310655,Sooke Marine Centre,6852 W Coast Rd,48.37055265,-123.72861499,"[-123.72863006591797, 48.37055206298828, -123.7286148071289, 48.37055969238281]",,,"[-123.72863006591797, 48.37055206298828, -123.7286148071289, 48.37055969238281]",original_place,
5c716ff8-da43-4173-b7ce-7fb1e634d649,CLA Sooke,6851 W Coast Rd,48.370344395581,-123.72864133630186,"[-123.72865295410156, 48.370338439941406, -123.7286376953125, 48.37034606933594]",,,"[-123.72865295410156, 48.370338439941406, -123.7286376953125, 48.37034606933594]",original_place,
e30a37e5-4f8f-40bc-8ef8-65043c475242,Wild Mountain,1831 Maple Avenue South,48.36997973,-123.72806779,"[-123.72808074951172, 48.369972229003906, -123.72806549072266, 48.36997985839844]",,,"[-123.72808074951172, 48.369972229003906, -123.72806549072266, 48.36997985839844]",original_place,
efbee29b-61b5-4e2b-b5c2-2022f80cc16d,In Chelsea's Chair,"Vibe Hair Studio, 1820 Maple Avenue South #102",48.37004945,-123.72727515,"[-123.72728729248047, 48.37004852294922, -123.7272720336914, 48.37005615234375]",,,"[-123.72728729248047, 48.37004852294922, -123.7272720336914, 48.37005615234375]",original_place,
6f1946c0-a92f-4737-8c78-c6197357c020,Island Haircutting Co.,"6716 West Coast Rd Suite 6, Cedar Grove Shopping Centre",48.37094178,-123.72795068,"[-123.72795104980469, 48.370941162109375, -123.72793579101562, 48.370948791503906]",,,"[-123.72795104980469, 48.370941162109375, -123.72793579101562, 48.370948791503906]",original_place,
c15307fa-216c-4eb6-9509-bf5904283dbf,Vibe Hair Studio,1820 Maple Avenue South #102,48.36991764,-123.72719633,"[-123.72721099853516, 48.369911193847656, -123.7271957397461, 48.36991882324219]",,,"[-123.72721099853516, 48.369911193847656, -123.7271957397461, 48.36991882324219]",original_place,
d1159fe9-bb7a-4d33-b601-05273a05a415,2 Reel Fishing Adventures,6929 W Coast Rd,48.3691961,-123.72625257,"[-123.72626495361328, 48.36919021606445, -123.72624969482422, 48.369197845458984]",,,"[-123.72626495361328, 48.36919021606445, -123.72624969482422, 48.369197845458984]",original_place,
5b312f0f-1349-4b22-bb5c-a96ca87745ac,Sooke Harbour Authority,1800 Maple Ave S,48.36960424444749,-123.72603641663643,"[-123.7260513305664, 48.369598388671875, -123.72603607177734, 48.369606018066406]",,,"[-123.7260513305664, 48.369598388671875, -123.72603607177734, 48.369606018066406]",original_place,
afa976ba-ddbb-4a5f-9ed8-393b0e098a6a,Ed Macgregor Park,,48.37316663,-123.7250318,"[-123.72504425048828, 48.373165130615234, -123.72502899169922, 48.373172760009766]",,,"[-123.72504425048828, 48.373165130615234, -123.72502899169922, 48.373172760009766]",original_place,
21591a60-8f53-4bbd-971f-e9703d98e34f,Westerly Cottage Home Healthcare,6790 W Coast Rd,48.3730094,-123.7262894,"[-123.72630310058594, 48.373008728027344, -123.72628784179688, 48.373016357421875]",,,"[-123.72630310058594, 48.373008728027344, -123.72628784179688, 48.373016357421875]",original_place,
54398258-5c04-45ad-b966-220fa64a70fa,Otter Point Veterinary Hospital,6830 W Coast Rd,48.37147668,-123.72774701,"[-123.7277603149414, 48.37147521972656, -123.72774505615234, 48.371482849121094]",,,"[-123.7277603149414, 48.37147521972656, -123.72774505615234, 48.371482849121094]",original_place,
66629fa9-830b-43df-ba1c-70a5966cef15,"Mystic Beach, Juan De Fuca Trail",Sooke,48.37105943760108,-123.7282098172965,"[-123.72821044921875, 48.37105941772461, -123.72819519042969, 48.37106704711914]",793fbce3-0f3d-4c19-8639-16f2c0ab2477,"[-123.7283935546875, 48.37102508544922, -123.7281494140625, 48.37117385864258]","[-123.7283935546875, 48.37102508544922, -123.7281494140625, 48.37117385864258]",building,
7647c64d-8bca-489d-9d46-62f123d3d17b,Kehn's Sharp Shop,1974 Caldwell Rd,48.37358235,-123.7300216,"[-123.73003387451172, 48.37358093261719, -123.73001861572266, 48.37358856201172]",,,"[-123.73003387451172, 48.37358093261719, -123.73001861572266, 48.37358856201172]",original_place,
16bf5215-fd2a-4e18-8a5b-b393a1e897cf,Coast Appliance Repairs,2045 Gatewood Rd,48.3764743,-123.7290783,"[-123.72908020019531, 48.37647247314453, -123.72906494140625, 48.37648010253906]",,,"[-123.72908020019531, 48.37647247314453, -123.72906494140625, 48.37648010253906]",original_place,
f2196879-fe54-4f0e-9a0e-87b5e98b9d21,Ayre Manor Assisted Living,6754 Ayre Rd,48.37723049,-123.72750497,"[-123.72750854492188, 48.37722396850586, -123.72749328613281, 48.37723159790039]",385084e9-aa8e-4a88-bfd8-16aace37ddf8,"[-123.72826385498047, 48.376773834228516, -123.72662353515625, 48.37775802612305]","[-123.72826385498047, 48.376773834228516, -123.72662353515625, 48.37775802612305]",building,
5098da2d-e023-4819-970d-b44ed08f7fea,Sooke Community Association ,2037 Eustace ,48.3767,-123.72638,"[-123.72639465332031, 48.37669372558594, -123.72637939453125, 48.37670135498047]",,,"[-123.72639465332031, 48.37669372558594, -123.72637939453125, 48.37670135498047]",original_place,
c0890515-1fb2-4ebc-ab32-70b6e3314cb2,SOOKE STN MAIN,6736 WEST COAST RD,48.37567999977714,-123.7257100005728,"[-123.72572326660156, 48.37567901611328, -123.7257080078125, 48.37568664550781]",b9d8fa6a-0347-4a25-a060-5bd1dc524a4c,"[-123.72596740722656, 48.37552261352539, -123.7255859375, 48.375755310058594]","[-123.72596740722656, 48.37552261352539, -123.7255859375, 48.375755310058594]",building,
7daadfef-24ab-4f2a-8146-2413c2cfbbff,Sooke Transition House Society,6734 W Coast Rd,48.37565899,-123.72520689,"[-123.7252197265625, 48.37565231323242, -123.72520446777344, 48.37565994262695]",,,"[-123.7252197265625, 48.37565231323242, -123.72520446777344, 48.37565994262695]",original_place,
a3136672-ac9e-41d7-a2b4-f75f11082fbd,Canada Post,6736 West Coast Rd,48.3755339,-123.7249965,"[-123.7249984741211, 48.375526428222656, -123.72498321533203, 48.37553405761719]",,,"[-123.7249984741211, 48.375526428222656, -123.72498321533203, 48.37553405761719]",original_place,
747f8e69-8cf6-4f2c-bf1c-78e53611bbaf,Cloverdale Paint,6731 West Coast Road,48.375588,-123.724782,"[-123.72478485107422, 48.375587463378906, -123.72476959228516, 48.37559509277344]",,,"[-123.72478485107422, 48.375587463378906, -123.72476959228516, 48.37559509277344]",original_place,
e4387da3-c909-453a-acf3-34805822b735,Suds and Pups,"0A2, 6733 W Coast Rd",48.37557111,-123.7247326,"[-123.72474670410156, 48.37556457519531, -123.7247314453125, 48.375572204589844]",862b3682-ffb9-495a-8561-9d9442bed9c8,"[-123.72473907470703, 48.37547302246094, -123.72445678710938, 48.375587463378906]","[-123.72473907470703, 48.37547302246094, -123.72445678710938, 48.375587463378906]",building,
ddec8a06-bfce-4328-9591-9689dca69022,Sitka Dental Centre,6730 W Coast Rd,48.37578701,-123.72513995,"[-123.72514343261719, 48.37578582763672, -123.72512817382812, 48.37579345703125]",,,"[-123.72514343261719, 48.37578582763672, -123.72512817382812, 48.37579345703125]",original_place,
835d818e-0457-4bfa-838e-d310b0823969,Loft Medi Spa,,48.37584,-123.72513,"[-123.72514343261719, 48.37583923339844, -123.72512817382812, 48.37584686279297]",,,"[-123.72514343261719, 48.37583923339844, -123.72512817382812, 48.37584686279297]",original_place,
4a707ec2-8877-449b-914c-bcc4975754a4,Parkway Physiotherapy + Performance Centre - Sooke,#3 6726 W Coast Rd,48.376128,-123.725219,"[-123.7252197265625, 48.376121520996094, -123.72520446777344, 48.376129150390625]",051c34cf-3206-48a0-9c78-04f22fa7d088,"[-123.7257080078125, 48.376007080078125, -123.72509765625, 48.376522064208984]","[-123.7257080078125, 48.376007080078125, -123.72509765625, 48.376522064208984]",building,
6dde8f11-8e68-4e48-b901-bd41dbc5f597,Little Vienna Bakery,6726 W Coast Rd,48.37613325,-123.72524703,"[-123.72525024414062, 48.37613296508789, -123.72523498535156, 48.37614059448242]",051c34cf-3206-48a0-9c78-04f22fa7d088,"[-123.7257080078125, 48.376007080078125, -123.72509765625, 48.376522064208984]","[-123.7257080078125, 48.376007080078125, -123.72509765625, 48.376522064208984]",building,
a33b30f2-c9c2-4db9-a29c-44bfc9727778,Notaries in Sooke,6726 W Coast Rd,48.376123,-123.72527,"[-123.72527313232422, 48.376121520996094, -123.72525787353516, 48.376129150390625]",051c34cf-3206-48a0-9c78-04f22fa7d088,"[-123.7257080078125, 48.376007080078125, -123.72509765625, 48.376522064208984]","[-123.7257080078125, 48.376007080078125, -123.72509765625, 48.376522064208984]",building,
c826013f-5879-4dc4-b3ab-6def77b04264,Sooke Eyecare Doctors of Optometry,6726 W Coast Rd,48.37612882,-123.72509397,"[-123.72509765625, 48.376121520996094, -123.72508239746094, 48.376129150390625]",,,"[-123.72509765625, 48.376121520996094, -123.72508239746094, 48.376129150390625]",original_place,
93369097-c61f-4aa6-9160-0ebfddd87f71,The Music Room Sooke,6726 W Coast Rd #1,48.37610884,-123.72516363,"[-123.72516632080078, 48.376102447509766, -123.72515106201172, 48.3761100769043]",051c34cf-3206-48a0-9c78-04f22fa7d088,"[-123.7257080078125, 48.376007080078125, -123.72509765625, 48.376522064208984]","[-123.7257080078125, 48.376007080078125, -123.72509765625, 48.376522064208984]",building,
8303dc7d-b5f9-45c6-b049-ba658672877c,"Dr.Morin, Dr.Joslin & Associates",6726 W Coast Rd,48.376154,-123.72443,"[-123.72444152832031, 48.37614822387695, -123.72442626953125, 48.376155853271484]",c1bc30ca-f68c-43c6-94d8-7318c524b920,"[-123.72451782226562, 48.376060485839844, -123.72431182861328, 48.376197814941406]","[-123.72451782226562, 48.376060485839844, -123.72431182861328, 48.376197814941406]",building,
a9f614ce-7eb7-4333-bf63-0aaaeaf632c8,Sooke Fine Art Gallery,2016 Shields Rd,48.37643359912888,-123.72509459388134,"[-123.72509765625, 48.376426696777344, -123.72508239746094, 48.376434326171875]",b3259d61-63d0-4848-a1dd-cb5753143aa1,"[-123.72531127929688, 48.376365661621094, -123.72501373291016, 48.376609802246094]","[-123.72531127929688, 48.376365661621094, -123.72501373291016, 48.376609802246094]",building,
de8ac078-834b-4f75-a953-391b8e67d97d,Sooke Food Bank,2037 Shields Rd,48.37729652,-123.72539749,"[-123.72541046142578, 48.377296447753906, -123.72539520263672, 48.37730407714844]",b181ab17-2bcd-46e1-ad24-4ecbf0ad52fb,"[-123.7254409790039, 48.37710952758789, -123.7248306274414, 48.37748336791992]","[-123.7254409790039, 48.37710952758789, -123.7248306274414, 48.37748336791992]",building,
63ff8ac1-f2b9-401f-999f-f97aaad2952e,Mom's Cafe,2036 Sheilds Rd,48.37706426,-123.72551405,"[-123.72551727294922, 48.3770637512207, -123.72550201416016, 48.377071380615234]",,,"[-123.72551727294922, 48.3770637512207, -123.72550201416016, 48.377071380615234]",original_place,
b4104783-5c31-402b-9795-8ed7129f5883,Sooke Meals on Wheels,2037 Shields Rd,48.377279627468,-123.72516751304,"[-123.72518157958984, 48.37727355957031, -123.72516632080078, 48.377281188964844]",b181ab17-2bcd-46e1-ad24-4ecbf0ad52fb,"[-123.7254409790039, 48.37710952758789, -123.7248306274414, 48.37748336791992]","[-123.7254409790039, 48.37710952758789, -123.7248306274414, 48.37748336791992]",building,
760e39be-0835-44ce-bf5e-4dd97ce73617,Sooke Martial Arts Association,2037 Sheilds Rd,48.37722981,-123.72529538,"[-123.72529602050781, 48.37722396850586, -123.72528076171875, 48.37723159790039]",b181ab17-2bcd-46e1-ad24-4ecbf0ad52fb,"[-123.7254409790039, 48.37710952758789, -123.7248306274414, 48.37748336791992]","[-123.7254409790039, 48.37710952758789, -123.7248306274414, 48.37748336791992]",building,
82faa8f3-b413-4d7f-962a-5b5f3b8b5f49,Sooke Community Hall,2037 Shields Rd,48.3772509,-123.7252666,"[-123.72528076171875, 48.37725067138672, -123.72526550292969, 48.37725830078125]",b181ab17-2bcd-46e1-ad24-4ecbf0ad52fb,"[-123.7254409790039, 48.37710952758789, -123.7248306274414, 48.37748336791992]","[-123.7254409790039, 48.37710952758789, -123.7248306274414, 48.37748336791992]",building,
dcf6c8af-46e1-4779-a50d-8911b5316f59,Amberwood Spa,6715 Eustace Lane,48.37749675544296,-123.72487101714094,"[-123.72488403320312, 48.37749099731445, -123.72486877441406, 48.377498626708984]",25782952-39ec-45a0-8804-5dd0de68084a,"[-123.72501373291016, 48.37686538696289, -123.72425079345703, 48.37757110595703]","[-123.72501373291016, 48.37686538696289, -123.72425079345703, 48.37757110595703]",building,
62080031-ed5d-4f8c-a45d-c76921b5c652,Sooke Exercise Therapy,6716 W Coast Rd #6,48.37732112,-123.72469353,"[-123.7247085571289, 48.3773193359375, -123.72469329833984, 48.37732696533203]",25782952-39ec-45a0-8804-5dd0de68084a,"[-123.72501373291016, 48.37686538696289, -123.72425079345703, 48.37757110595703]","[-123.72501373291016, 48.37686538696289, -123.72425079345703, 48.37757110595703]",building,
f4bb6271-d132-4d15-adb3-fd01bdf0399a,The Stick in the Mud Coffee House,6715 Eustace Rd,48.37753339803217,-123.72479439117384,"[-123.72480773925781, 48.377532958984375, -123.72479248046875, 48.377540588378906]",25782952-39ec-45a0-8804-5dd0de68084a,"[-123.72501373291016, 48.37686538696289, -123.72425079345703, 48.37757110595703]","[-123.72501373291016, 48.37686538696289, -123.72425079345703, 48.37757110595703]",building,
766f83a1-ae97-46f1-9351-48c832877483,Vera Rudak,"6716 West Coast Road, 2",48.377172,-123.724733,"[-123.72474670410156, 48.37717056274414, -123.7247314453125, 48.37717819213867]",25782952-39ec-45a0-8804-5dd0de68084a,"[-123.72501373291016, 48.37686538696289, -123.72425079345703, 48.37757110595703]","[-123.72501373291016, 48.37686538696289, -123.72425079345703, 48.37757110595703]",building,
5924f2f1-36bd-4cfd-99fb-240fdfcae148,Island Haircutting Sooke,6716 West Coast Rd Ste 6,48.37711175018137,-123.72467630417874,"[-123.72467803955078, 48.377105712890625, -123.72466278076172, 48.377113342285156]",25782952-39ec-45a0-8804-5dd0de68084a,"[-123.72501373291016, 48.37686538696289, -123.72425079345703, 48.37757110595703]","[-123.72501373291016, 48.37686538696289, -123.72425079345703, 48.37757110595703]",building,
863f5cfa-12b1-4a47-b0fa-b3b9db3b8558,Kelz Sweet and Savory Bake Shop,6716 W Coast Rd,48.37709216,-123.7244047,"[-123.72441864013672, 48.37709045410156, -123.72440338134766, 48.377098083496094]",,,"[-123.72441864013672, 48.37709045410156, -123.72440338134766, 48.377098083496094]",original_place,
e39f3f90-1596-4e93-8b87-c9008f0758e6,Bitstop Bitcoin ATM,6716 West Coast Road,48.3770105,-123.7249224,"[-123.72493743896484, 48.377010345458984, -123.72492218017578, 48.377017974853516]",25782952-39ec-45a0-8804-5dd0de68084a,"[-123.72501373291016, 48.37686538696289, -123.72425079345703, 48.37757110595703]","[-123.72501373291016, 48.37686538696289, -123.72425079345703, 48.37757110595703]",building,
068e82a5-4172-423e-9b6b-78bdf5ea8da1,Teresa Houle,"6716 West Coast, Unit 2",48.3769465,-123.7248542,"[-123.72486877441406, 48.37694549560547, -123.724853515625, 48.376953125]",25782952-39ec-45a0-8804-5dd0de68084a,"[-123.72501373291016, 48.37686538696289, -123.72425079345703, 48.37757110595703]","[-123.72501373291016, 48.37686538696289, -123.72425079345703, 48.37757110595703]",building,
314927c0-55a8-4764-891a-6a6f89ce1215,RE/MAX Camosun Westside,"2015 Shields Road, Suite 101",48.3766459,-123.7248765,"[-123.72489166259766, 48.376644134521484, -123.7248764038086, 48.376651763916016]",120ade42-1385-4318-b7f8-a5e3bc9b799a,"[-123.7249755859375, 48.37656784057617, -123.72474670410156, 48.37677764892578]","[-123.7249755859375, 48.37656784057617, -123.72474670410156, 48.37677764892578]",building,
c09a7b35-ad5e-436c-975e-367d6326f468,CARE FUNERAL SERVICES,2016 Sheilds Road,48.376531,-123.725126,"[-123.72512817382812, 48.376529693603516, -123.72511291503906, 48.37653732299805]",b3259d61-63d0-4848-a1dd-cb5753143aa1,"[-123.72531127929688, 48.376365661621094, -123.72501373291016, 48.376609802246094]","[-123.72531127929688, 48.376365661621094, -123.72501373291016, 48.376609802246094]",building,
5947cd97-9c11-4ef4-a3ef-11f1cd056eee,Sooke Glass,2016 Sheilds Rd,48.3765506,-123.72505523,"[-123.72506713867188, 48.376548767089844, -123.72505187988281, 48.376556396484375]",,,"[-123.72506713867188, 48.376548767089844, -123.72505187988281, 48.376556396484375]",original_place,
f214e3bd-2928-43f3-b52f-1361f454f1dc,Cristina Staicu - Re/Max Camosun,2015 Shields Rd #101,48.37657908,-123.7249043,"[-123.72490692138672, 48.37657165527344, -123.72489166259766, 48.37657928466797]",,,"[-123.72490692138672, 48.37657165527344, -123.72489166259766, 48.37657928466797]",original_place,
b4192f7e-2185-4155-a4b6-da8cf7eec770,Wood Travel and Cruise,2015 Sheilds Rd #203,48.37661107,-123.72494899,"[-123.7249526977539, 48.376609802246094, -123.72493743896484, 48.376617431640625]",,,"[-123.7249526977539, 48.376609802246094, -123.72493743896484, 48.376617431640625]",original_place,
9e344fcc-9ffb-4bf9-96d1-a813d19c404a,Standing Cedars Integrative Health,2015 Sheilds Rd #301,48.3765223,-123.72485104,"[-123.724853515625, 48.376522064208984, -123.72483825683594, 48.376529693603516]",,,"[-123.724853515625, 48.376522064208984, -123.72483825683594, 48.376529693603516]",original_place,
4bf12bd7-427b-45fc-95d6-1584afed4220,Peoples Drug Mart,6716 Sooke Rd,48.376559903676,-123.72463491853,"[-123.72464752197266, 48.37655258178711, -123.7246322631836, 48.37656021118164]",,,"[-123.72464752197266, 48.37655258178711, -123.7246322631836, 48.37656021118164]",original_place,
87b8c2f3-d42c-47c3-bdc9-b155a742628a,Marlene Arden - Personal Real Estate Corporation,2015 Shields Rd,48.37659,-123.72479,"[-123.72479248046875, 48.376583099365234, -123.72477722167969, 48.376590728759766]",120ade42-1385-4318-b7f8-a5e3bc9b799a,"[-123.7249755859375, 48.37656784057617, -123.72474670410156, 48.37677764892578]","[-123.7249755859375, 48.37656784057617, -123.72474670410156, 48.37677764892578]",building,
a5c6478d-bdb7-4475-84a6-f10f5a414b1b,Sooke's Home Team,2015 Shields Rd,48.3765907,-123.7247925,"[-123.72480773925781, 48.376583099365234, -123.72479248046875, 48.376590728759766]",120ade42-1385-4318-b7f8-a5e3bc9b799a,"[-123.7249755859375, 48.37656784057617, -123.72474670410156, 48.37677764892578]","[-123.7249755859375, 48.37656784057617, -123.72474670410156, 48.37677764892578]",building,
d4fa5624-99bc-408f-8e5c-7a374386d872,Stacey Scharf - Personal Real Estate Corp - Real Estate Sales and Rentals,6716 W Coast Rd,48.3766941,-123.7246684,"[-123.72467041015625, 48.37669372558594, -123.72465515136719, 48.37670135498047]",,,"[-123.72467041015625, 48.37669372558594, -123.72465515136719, 48.37670135498047]",original_place,
64869e34-62f9-4858-b9ed-a0ac04240dc5,Sooke Power Supply,6713 W Coast Rd,48.37651008,-123.724258,"[-123.72425842285156, 48.376502990722656, -123.7242431640625, 48.37651062011719]",c63be765-dd72-4485-a71e-cbe0ee670579,"[-123.72433471679688, 48.37623596191406, -123.72386169433594, 48.37660598754883]","[-123.72433471679688, 48.37623596191406, -123.72386169433594, 48.37660598754883]",building,
6c640038-1012-4c05-8649-ab298a92a670,Carolyn's Boutique,6707 W Coast Rd,48.37669803,-123.7240416,"[-123.72404479980469, 48.3766975402832, -123.72402954101562, 48.376705169677734]",ce7bb04b-43b2-4ad3-9ddd-9221f826be84,"[-123.72423553466797, 48.376625061035156, -123.72364044189453, 48.3769645690918]","[-123.72423553466797, 48.376625061035156, -123.72364044189453, 48.3769645690918]",building,
d9dea1bf-0df3-4bc8-b9d1-20aa4c2eea03,Intuitive Movement,6703 W Coast Rd Unit c,48.37694747,-123.72376834,"[-123.72377014160156, 48.3769416809082, -123.7237548828125, 48.376949310302734]",ce7bb04b-43b2-4ad3-9ddd-9221f826be84,"[-123.72423553466797, 48.376625061035156, -123.72364044189453, 48.3769645690918]","[-123.72423553466797, 48.376625061035156, -123.72364044189453, 48.3769645690918]",building,
ba28f6a2-594f-4168-83f2-c435cdc14e62,MCB Property Group Ltd,6703 W Coast Rd,48.37701675,-123.72384195,"[-123.7238540649414, 48.377010345458984, -123.72383880615234, 48.377017974853516]",,,"[-123.7238540649414, 48.377010345458984, -123.72383880615234, 48.377017974853516]",original_place,
e2dde5f9-4546-4c40-a89c-3c8a2f9d29f9,Sooke Harbour Marina,6703 W Coast Rd,48.3770405,-123.7239086,"[-123.72392272949219, 48.37703323364258, -123.72390747070312, 48.37704086303711]",,,"[-123.72392272949219, 48.37703323364258, -123.72390747070312, 48.37704086303711]",original_place,
44f9f35d-562c-4f02-bb6a-ea155faa5797,Wiskers and Waggs Pet Store,6703 W Coast Rd,48.37698548,-123.72396075,"[-123.72396087646484, 48.376983642578125, -123.72394561767578, 48.376991271972656]",,,"[-123.72396087646484, 48.376983642578125, -123.72394561767578, 48.376991271972656]",original_place,
09bc6de4-906b-4c93-9f9e-be17d0aa9027,Sooke Shukokai Karate,6705 W Coast Rd,48.377036492675,-123.72398080194,"[-123.72398376464844, 48.37702941894531, -123.72396850585938, 48.377037048339844]",,,"[-123.72398376464844, 48.37702941894531, -123.72396850585938, 48.377037048339844]",original_place,
b6500cb6-51a9-42bd-b7bb-5c8b0b2b270a,Moment Yoga,6705 W Coast Rd,48.37696414,-123.72393712,"[-123.72393798828125, 48.376956939697266, -123.72392272949219, 48.3769645690918]",,,"[-123.72393798828125, 48.376956939697266, -123.72392272949219, 48.3769645690918]",original_place,
67dfac82-90fe-4a56-a68a-8612c86d9b04,Bits of Bliss Confectionery,6705A W Coast Rd,48.37689651,-123.72393974,"[-123.72395324707031, 48.376895904541016, -123.72393798828125, 48.37690353393555]",ce7bb04b-43b2-4ad3-9ddd-9221f826be84,"[-123.72423553466797, 48.376625061035156, -123.72364044189453, 48.3769645690918]","[-123.72423553466797, 48.376625061035156, -123.72364044189453, 48.3769645690918]",building,
097e09c1-fabe-4607-b551-61d3f5340732,James L James - DLC Modern Mortgage Group,6689 Sooke Rd,48.37693015,-123.72418467,"[-123.72419738769531, 48.376922607421875, -123.72418212890625, 48.376930236816406]",,,"[-123.72419738769531, 48.376922607421875, -123.72418212890625, 48.376930236816406]",original_place,
e8c41bda-8b0a-4920-a2ae-a0a0db299d51,Pemberton Holmes - Sooke,2-6716 W Coast Rd,48.3769438,-123.7241721,"[-123.72417449951172, 48.37693786621094, -123.72415924072266, 48.37694549560547]",,,"[-123.72417449951172, 48.37693786621094, -123.72415924072266, 48.37694549560547]",original_place,
1ab9b901-d57d-4a51-8bdc-40e5c5d7d490,Star Aesthetics,6649 Sooke Rd #3,48.3769666,-123.7241513,"[-123.72415161132812, 48.37696075439453, -123.72413635253906, 48.37696838378906]",,,"[-123.72415161132812, 48.37696075439453, -123.72413635253906, 48.37696838378906]",original_place,
04938232-526a-43f0-aa25-dc316cae9372,UPS Access Point location,"6716 WEST COAST RD, 4",48.3770507,-123.7240742,"[-123.72407531738281, 48.377044677734375, -123.72406005859375, 48.377052307128906]",,,"[-123.72407531738281, 48.377044677734375, -123.72406005859375, 48.377052307128906]",original_place,
80393503-08b6-4b53-9eff-c80bd093c022,HoneyBadger Bitcoin ATM at Pharmasave Sooke,6716 W Coast Rd,48.3770507,-123.7240742,"[-123.72407531738281, 48.377044677734375, -123.72406005859375, 48.377052307128906]",,,"[-123.72407531738281, 48.377044677734375, -123.72406005859375, 48.377052307128906]",original_place,
b8378131-1f15-4da1-8dce-3a7a5560580a,Barb's Barber Shop,6706 Sooke Rd,48.37730654,-123.7240999,"[-123.72411346435547, 48.37730026245117, -123.7240982055664, 48.3773078918457]",,,"[-123.72411346435547, 48.37730026245117, -123.7240982055664, 48.3773078918457]",original_place,
e20909f1-0400-44dd-ad68-3cb2feb07db5,Pharmasave Sooke,6716 W Coast Rd #8,48.37724776,-123.72436346,"[-123.724365234375, 48.37724685668945, -123.72434997558594, 48.377254486083984]",25782952-39ec-45a0-8804-5dd0de68084a,"[-123.72501373291016, 48.37686538696289, -123.72425079345703, 48.37757110595703]","[-123.72501373291016, 48.37686538696289, -123.72425079345703, 48.37757110595703]",building,
5f6bd7ef-d45e-48f2-8079-f59198414adb,Boutique West,2048 Otter Point Rd,48.37750346399501,-123.72423209477908,"[-123.72423553466797, 48.37750244140625, -123.7242202758789, 48.37751007080078]",534ef88b-f3dc-4af1-ad07-6d04a480b0f5,"[-123.72471618652344, 48.3773078918457, -123.72399139404297, 48.37774658203125]","[-123.72471618652344, 48.3773078918457, -123.72399139404297, 48.37774658203125]",building,
2b7930ce-6f2a-4e6f-993e-a507c4198262,Happy Village Restaurant,2038 Otter Point Rd,48.3775038,-123.72421486,"[-123.72422790527344, 48.37750244140625, -123.72421264648438, 48.37751007080078]",534ef88b-f3dc-4af1-ad07-6d04a480b0f5,"[-123.72471618652344, 48.3773078918457, -123.72399139404297, 48.37774658203125]","[-123.72471618652344, 48.3773078918457, -123.72399139404297, 48.37774658203125]",building,
529efed3-8993-4817-bdde-d5ae1b5d71eb,Hamels Fabrics,2044 Otter Point Rd,48.37754138,-123.724094,"[-123.72410583496094, 48.377540588378906, -123.72409057617188, 48.37754821777344]",,,"[-123.72410583496094, 48.377540588378906, -123.72409057617188, 48.37754821777344]",original_place,
fda99896-ee1e-4e96-9938-77af330084e0,South Shore Gallery,2046 Otter Point Rd,48.37758101,-123.72409323,"[-123.72410583496094, 48.3775749206543, -123.72409057617188, 48.37758255004883]",,,"[-123.72410583496094, 48.3775749206543, -123.72409057617188, 48.37758255004883]",original_place,
9790d67a-8db7-4b1c-924d-08461d3c6c3a,Greenaway Realty Ltd,2044 Otter Point Rd,48.377589,-123.7240294,"[-123.72402954101562, 48.37758255004883, -123.72401428222656, 48.37759017944336]",,,"[-123.72402954101562, 48.37758255004883, -123.72401428222656, 48.37759017944336]",original_place,
6626acac-24fd-405c-a812-bceaa3acedf8,Point No Point Resort Ltd,1505 W Coast Rd,48.3773841,-123.7240054,"[-123.72400665283203, 48.377376556396484, -123.72399139404297, 48.377384185791016]",534ef88b-f3dc-4af1-ad07-6d04a480b0f5,"[-123.72471618652344, 48.3773078918457, -123.72399139404297, 48.37774658203125]","[-123.72471618652344, 48.3773078918457, -123.72399139404297, 48.37774658203125]",building,
ad49f611-9727-48fe-a5f8-edcbff24ff00,Earth To Sky Cannabis,6691 Sooke Rd,48.37736876,-123.72344684,"[-123.72344970703125, 48.37736129760742, -123.72343444824219, 48.37736892700195]",,,"[-123.72344970703125, 48.37736129760742, -123.72343444824219, 48.37736892700195]",original_place,
4b8cd0a7-36a5-4639-9266-98b021c94e08,V I Spectrum Digital & Photographic Ltd,6693 Sooke Rd,48.37719235,-123.72344891,"[-123.72344970703125, 48.3771858215332, -123.72343444824219, 48.377193450927734]",,,"[-123.72344970703125, 48.3771858215332, -123.72343444824219, 48.377193450927734]",original_place,
72e960de-4c0c-46d5-9d54-573edff69131,Up Sooke Eatery,6697 Sooke Rd,48.37710321,-123.72354343,"[-123.72355651855469, 48.37710189819336, -123.72354125976562, 48.37710952758789]",,,"[-123.72355651855469, 48.37710189819336, -123.72354125976562, 48.37710952758789]",original_place,
322c55e3-b102-4e14-908f-dd39076e505d,Cathy's Corner Cafe,6697 Sooke Rd,48.377125,-123.723398,"[-123.7234115600586, 48.37712478637695, -123.72339630126953, 48.377132415771484]",201ce6dc-7066-4fbd-bb3c-cf5be76bbc9a,"[-123.72347259521484, 48.37704086303711, -123.72322082519531, 48.37734603881836]","[-123.72347259521484, 48.37704086303711, -123.72322082519531, 48.37734603881836]",building,
574c0861-a0fe-4421-8486-f909c61df48c,This N That,6693 Sooke Rd,48.377407,-123.723184,"[-123.72319793701172, 48.37739944458008, -123.72318267822266, 48.37740707397461]",71f1e07f-2817-4cf0-b52d-62cd50463df6,"[-123.723388671875, 48.377235412597656, -123.72309875488281, 48.377532958984375]","[-123.723388671875, 48.377235412597656, -123.72309875488281, 48.377532958984375]",building,
f836aa8f-1c2c-41cc-8825-00c5a3473fea,Dr. T D Anderson,6695 Sooke Rd,48.37742759047709,-123.72326593369496,"[-123.7232666015625, 48.37742614746094, -123.72325134277344, 48.37743377685547]",71f1e07f-2817-4cf0-b52d-62cd50463df6,"[-123.723388671875, 48.377235412597656, -123.72309875488281, 48.377532958984375]","[-123.723388671875, 48.377235412597656, -123.72309875488281, 48.377532958984375]",building,
ce6e6106-104a-4c65-9c9b-9601c35047de,Lit Up Smoke and Vapour Accessories,6689C Sooke Rd,48.37743115,-123.72337468,"[-123.723388671875, 48.3774299621582, -123.72337341308594, 48.377437591552734]",,,"[-123.723388671875, 48.3774299621582, -123.72337341308594, 48.377437591552734]",original_place,
a7a9360c-5ccf-4e44-ad14-94bbd5594749,Otter Point Dental,6689 Sooke Rd,48.3774417,-123.72338349,"[-123.72339630126953, 48.37744140625, -123.72338104248047, 48.37744903564453]",,,"[-123.72339630126953, 48.37744140625, -123.72338104248047, 48.37744903564453]",original_place,
f1c6c737-5190-47ed-869d-8ad5d43038fd,Mason Financial,6689 Sooke Rd,48.3774761,-123.72337202,"[-123.72337341308594, 48.37747573852539, -123.72335815429688, 48.37748336791992]",,,"[-123.72337341308594, 48.37747573852539, -123.72335815429688, 48.37748336791992]",original_place,
67b7739f-95dd-4767-b9e7-302c529f94c5,Dominion Lending Centres Modern Mortgage Group Corp,6689 Sooke Rd,48.37754704,-123.72339119,"[-123.72340393066406, 48.377540588378906, -123.723388671875, 48.37754821777344]",,,"[-123.72340393066406, 48.377540588378906, -123.723388671875, 48.37754821777344]",original_place,
edbc8f27-83f3-4825-b913-c622c2920356,McDonald's,"RR1, Unit 107, 6661 Sooke Road",48.37758346,-123.72245108,"[-123.72246551513672, 48.37758255004883, -123.72245025634766, 48.37759017944336]",823b5a38-79ce-44c8-89ad-b81319bbf9e7,"[-123.72245788574219, 48.37736511230469, -123.72119903564453, 48.37794494628906]","[-123.72245788574219, 48.37736511230469, -123.72119903564453, 48.37794494628906]",building,
a397ad19-b719-4c7b-8814-71b873f8869c,I.D.A. - Forbes Pharmacy Sooke,6691 Logan Lane,48.377184,-123.72264,"[-123.72264099121094, 48.37717819213867, -123.72262573242188, 48.3771858215332]",,,"[-123.72264099121094, 48.37717819213867, -123.72262573242188, 48.3771858215332]",original_place,
cc43298b-c61b-4c4f-a414-caf733bcea7d,I.D.A.,6691 Logan Lane,48.377184,-123.72264,"[-123.72264099121094, 48.37717819213867, -123.72262573242188, 48.3771858215332]",,,"[-123.72264099121094, 48.37717819213867, -123.72262573242188, 48.3771858215332]",original_place,
1fd0d600-ed19-47c6-b069-0680a41201f1,Sheringham Point Lighthouse,,48.37688846,-123.72325565,"[-123.72325897216797, 48.376888275146484, -123.7232437133789, 48.376895904541016]",cbf0fcc0-fa5b-42b3-81a9-494847438214,"[-123.723388671875, 48.3767204284668, -123.72312927246094, 48.37691116333008]","[-123.723388671875, 48.3767204284668, -123.72312927246094, 48.37691116333008]",building,
4862f4d4-780b-46ed-9bfb-3dd4b359616b,West Coast Family Dentistry,6715 W Coast Rd,48.37647663,-123.72426238,"[-123.7242660522461, 48.3764762878418, -123.72425079345703, 48.37648391723633]",c63be765-dd72-4485-a71e-cbe0ee670579,"[-123.72433471679688, 48.37623596191406, -123.72386169433594, 48.37660598754883]","[-123.72433471679688, 48.37623596191406, -123.72386169433594, 48.37660598754883]",building,
27cf9761-0bbb-407f-8ba9-50f599915897,Sheringham Distillery,6731 W Coast Rd,48.37556,-123.724296,"[-123.72429656982422, 48.375553131103516, -123.72428131103516, 48.37556076049805]",90e03ff5-ea67-4e2a-ad2d-90e824f7efbc,"[-123.72441101074219, 48.375404357910156, -123.72412872314453, 48.375606536865234]","[-123.72441101074219, 48.375404357910156, -123.72412872314453, 48.375606536865234]",building,
001ba523-5868-468c-a90b-7368778df0f7,Holy Trinity Church,1962 Murray Rd,48.37528301,-123.72274106,"[-123.7227554321289, 48.375282287597656, -123.72274017333984, 48.37528991699219]",88bb5cba-66f2-4ed7-8851-94782cfb2ec0,"[-123.72305297851562, 48.37510299682617, -123.72264862060547, 48.3753662109375]","[-123.72305297851562, 48.37510299682617, -123.72264862060547, 48.3753662109375]",building,
3b2d5ccd-002c-4acd-8251-6f86a4e66812,SFMS Sooke Folk Music,1962 Murray Rd,48.3750805,-123.7226382,"[-123.72264099121094, 48.37508010864258, -123.72262573242188, 48.37508773803711]",,,"[-123.72264099121094, 48.37508010864258, -123.72262573242188, 48.37508773803711]",original_place,
e14488b9-95e0-4aab-8150-a8539f0caadd,Royal LePage Coast Capital Realty,"6739 WEST COAST RD. PO BOX 369, Sooke, BC, V9Z 1G1",48.3752994,-123.7247013,"[-123.72471618652344, 48.37529754638672, -123.72470092773438, 48.37530517578125]",c2b5697d-48a1-4d7b-8bf3-7c1a8bccdc5b,"[-123.72484588623047, 48.37514877319336, -123.72457122802734, 48.37539291381836]","[-123.72484588623047, 48.37514877319336, -123.72457122802734, 48.37539291381836]",building,
b447bf97-0788-4d73-9064-479073f9cccc,BC Ambulance Service,6742 W Coast Rd,48.37513992,-123.7252904,"[-123.72530364990234, 48.3751335144043, -123.72528839111328, 48.37514114379883]",,,"[-123.72530364990234, 48.3751335144043, -123.72528839111328, 48.37514114379883]",original_place,
c7bdfe1f-abdc-4307-a5cf-ca1bef8299d3,Dimock Property Group,6739 W Coast Rd,48.37534316,-123.72486135,"[-123.7248764038086, 48.375335693359375, -123.72486114501953, 48.375343322753906]",,,"[-123.7248764038086, 48.375335693359375, -123.72486114501953, 48.375343322753906]",original_place,
3b403e59-adc4-42b2-8cfe-9b59c7ee7ee3,Tim Ayres,6739 W Coast Rd,48.37533156,-123.72486598,"[-123.72486877441406, 48.37532424926758, -123.724853515625, 48.37533187866211]",,,"[-123.72486877441406, 48.37532424926758, -123.724853515625, 48.37533187866211]",original_place,
20c61b82-76c9-4461-8d93-c674f4674ba3,The Salvation Army Sooke Life Ministries,6750 W Coast Rd,48.3749997,-123.7253487,"[-123.72534942626953, 48.37499237060547, -123.72533416748047, 48.375]",,,"[-123.72534942626953, 48.37499237060547, -123.72533416748047, 48.375]",original_place,
43d982f8-c5d3-4e7a-8bd9-d60cba3ffdd8,Sooke Shelter Society,6750 W Coast Rd #101,48.3749327,-123.72549826,"[-123.72550201416016, 48.37493133544922, -123.7254867553711, 48.37493896484375]",fca346b5-a0e7-473c-b19b-86ae1bd59cd0,"[-123.72584533691406, 48.374855041503906, -123.7253646850586, 48.37506103515625]","[-123.72584533691406, 48.374855041503906, -123.7253646850586, 48.37506103515625]",building,
b11067ec-69d3-4544-a0c5-e3f3372808bb,St Vincent de Paul Society,6750 W Coast Rd,48.37447910526754,-123.72555727799947,"[-123.72557067871094, 48.37447738647461, -123.72555541992188, 48.37448501586914]",33633a6f-7e85-484d-ac16-1a1b93b965fa,"[-123.72575378417969, 48.37437057495117, -123.72551727294922, 48.37455368041992]","[-123.72575378417969, 48.37437057495117, -123.72551727294922, 48.37455368041992]",building,
e23226c5-8154-4338-b389-daa2fb63821c,Terrier Books,6689 Goodmere Rd,48.37537688,-123.72198441,"[-123.72198486328125, 48.375370025634766, -123.72196960449219, 48.3753776550293]",,,"[-123.72198486328125, 48.375370025634766, -123.72196960449219, 48.3753776550293]",original_place,
4c2ca8a1-cf7b-4529-9934-684a80185530,The Artisan's Garden,6689 Goodmere Rd,48.37549256,-123.72212686,"[-123.72212982177734, 48.375492095947266, -123.72211456298828, 48.3754997253418]",,,"[-123.72212982177734, 48.375492095947266, -123.72211456298828, 48.3754997253418]",original_place,
75ea14f8-fe05-46b2-9ca7-70adfdd34911,Shoreline Orthodontics,6691 Logan Lane,48.37721474,-123.7223152,"[-123.72232818603516, 48.3772087097168, -123.7223129272461, 48.37721633911133]",,,"[-123.72232818603516, 48.3772087097168, -123.7223129272461, 48.37721633911133]",original_place,
d9836e13-9353-41fb-965d-1355c7500f09,McCafé,"RR1, Unit 107, 6661 Sooke Road",48.37749,-123.72227,"[-123.72228240966797, 48.37748336791992, -123.7222671508789, 48.37749099731445]",823b5a38-79ce-44c8-89ad-b81319bbf9e7,"[-123.72245788574219, 48.37736511230469, -123.72119903564453, 48.37794494628906]","[-123.72245788574219, 48.37736511230469, -123.72119903564453, 48.37794494628906]",building,
b6da4687-0e8b-4d3f-90b2-55745b02583d,B & K Jewellery & Gifts,6661 Sooke Rd # 106,48.37759685088969,-123.7221620547382,"[-123.72217559814453, 48.37759017944336, -123.72216033935547, 48.37759780883789]",823b5a38-79ce-44c8-89ad-b81319bbf9e7,"[-123.72245788574219, 48.37736511230469, -123.72119903564453, 48.37794494628906]","[-123.72245788574219, 48.37736511230469, -123.72119903564453, 48.37794494628906]",building,
880cef71-7786-43c6-bf34-49bb257c9d6d,Soul of a Gypsy Jewelry,6661 Sooke Rd Unit #106,48.37759737,-123.72171977,"[-123.72173309326172, 48.37759017944336, -123.72171783447266, 48.37759780883789]",823b5a38-79ce-44c8-89ad-b81319bbf9e7,"[-123.72245788574219, 48.37736511230469, -123.72119903564453, 48.37794494628906]","[-123.72245788574219, 48.37736511230469, -123.72119903564453, 48.37794494628906]",building,
ea08adfc-c2ef-4013-b6c7-64b767e647a7,Sooke Boardwalk,,48.373161659984,-123.72237903789,"[-123.72238159179688, 48.37316131591797, -123.72236633300781, 48.3731689453125]",,,"[-123.72238159179688, 48.37316131591797, -123.72236633300781, 48.3731689453125]",original_place,
f135b3ca-aae7-4a41-82f0-75160815846a,China Beach,,48.367166,-123.730068,"[-123.7300796508789, 48.367164611816406, -123.73006439208984, 48.36717224121094]",523a53a6-acfa-4ff3-9da1-7034280a916f,"[-123.73060607910156, 48.36707305908203, -123.72958374023438, 48.36757278442383]","[-123.73060607910156, 48.36707305908203, -123.72958374023438, 48.36757278442383]",building,
f2a61db5-b5d1-4170-b90e-6b7ac278e32e,Crab Shack Sportfishing,6947 W Coast Rd,48.36689989,-123.72990899,"[-123.72991180419922, 48.36689376831055, -123.72989654541016, 48.36690139770508]",,,"[-123.72991180419922, 48.36689376831055, -123.72989654541016, 48.36690139770508]",original_place,
0779fe1d-b100-421f-bd66-12552da20f2a,Seagull Studio Vacation Suite Sooke BC,"Seagull Studio Vacation Suite, 1548 Dufour Rd",48.357342471091,-123.72665807605,"[-123.7266616821289, 48.35734176635742, -123.72664642333984, 48.35734939575195]",e80486e1-df49-4fa8-a1c0-f9775b5b723d,"[-123.72673797607422, 48.35725402832031, -123.7264404296875, 48.357418060302734]","[-123.72673797607422, 48.35725402832031, -123.7264404296875, 48.357418060302734]",building,
414b47f4-1d84-439c-863f-574d238d5448,Quimper Park,,48.35678439,-123.72691109,"[-123.72691345214844, 48.35677719116211, -123.72689819335938, 48.35678482055664]",,,"[-123.72691345214844, 48.35677719116211, -123.72689819335938, 48.35678482055664]",original_place,
670628a9-6473-4f25-b443-4affb7241eaf,Sooke Harbour House,1528 Whiffin Spit Rd,48.35655769,-123.72760649,"[-123.72760772705078, 48.3565559387207, -123.72759246826172, 48.356563568115234]",,,"[-123.72760772705078, 48.3565559387207, -123.72759246826172, 48.356563568115234]",original_place,
62337112-ded2-4ed0-a9be-789049d02662,Whiffen Spit Park,Whiffen Spit Rd,48.35659121,-123.72583313,"[-123.72584533691406, 48.356590270996094, -123.725830078125, 48.356597900390625]",,,"[-123.72584533691406, 48.356590270996094, -123.725830078125, 48.356597900390625]",original_place,
e1b25106-5d1a-4c51-990f-a4cb7f636611,Sooke Coastal Explorations,1581 Dufour Rd,48.35883889,-123.72656607,"[-123.72657775878906, 48.35883712768555, -123.7265625, 48.35884475708008]",,,"[-123.72657775878906, 48.35883712768555, -123.7265625, 48.35884475708008]",original_place,
c8314fc6-02ee-4a93-8ad2-1a0410483958,Salty Towers Oceanfront Cottages,1581 Dufour Rd,48.3588587,-123.72656479,"[-123.72657775878906, 48.35885238647461, -123.7265625, 48.35886001586914]",,,"[-123.72657775878906, 48.35885238647461, -123.7265625, 48.35886001586914]",original_place,
b99ac9b6-772c-4fb6-a2f7-e41251480ebb,Port Renfrew Fishing Adventures,1594 Dufour Rd,48.35952707,-123.72938518,"[-123.72938537597656, 48.359519958496094, -123.7293701171875, 48.359527587890625]",,,"[-123.72938537597656, 48.359519958496094, -123.7293701171875, 48.359527587890625]",original_place,
389d0398-02c7-4967-b2b7-90997f2c2d7b,Patriarchs Motorcycles,1598 O'Neill Rd,48.35886,-123.73148,"[-123.73148345947266, 48.35885238647461, -123.7314682006836, 48.35886001586914]",d423f587-d6c0-4a4a-b566-393a081f6e54,"[-123.73149871826172, 48.358802795410156, -123.73123931884766, 48.358970642089844]","[-123.73149871826172, 48.358802795410156, -123.73123931884766, 48.358970642089844]",building,
396b6406-ea6f-41b6-8eba-268124ae0967,Brooks Mervin,1643 Whiffen Spit Rd,48.3597768,-123.7361132,"[-123.73611450195312, 48.35977554321289, -123.73609924316406, 48.35978317260742]",,,"[-123.73611450195312, 48.35977554321289, -123.73609924316406, 48.35978317260742]",original_place,
f36988c0-ce86-4f4a-b551-2e7f86ad7bfd,Seawind Fishing Adventures,7133 Jacksons Pl,48.35910996,-123.73935486,"[-123.7393569946289, 48.35910415649414, -123.73934173583984, 48.35911178588867]",,,"[-123.7393569946289, 48.35910415649414, -123.73934173583984, 48.35911178588867]",original_place,
adad286a-eb4f-4be4-bffc-86b088043c5f,Treasure Mountain Consulting,1639 Elise Close,48.358183,-123.741434,"[-123.74144744873047, 48.358177185058594, -123.7414321899414, 48.358184814453125]",,,"[-123.74144744873047, 48.358177185058594, -123.7414321899414, 48.358184814453125]",original_place,
d8d071c2-4ef0-4a2f-a186-b7e111faee2c,Shoreline Roofing and Exteriors,1634 Elise Clos,48.358051,-123.741653,"[-123.74165344238281, 48.3580436706543, -123.74163818359375, 48.35805130004883]",24423047-3bba-4c89-ab3f-0b6bc55c6485,"[-123.74187469482422, 48.35795974731445, -123.7416000366211, 48.35810470581055]","[-123.74187469482422, 48.35795974731445, -123.7416000366211, 48.35810470581055]",building,
568e16c8-c343-44f7-9967-f3ee9f883a0c,"Parsons Point (udde i Kanada, British Columbia)",,48.35454,-123.73446,"[-123.7344741821289, 48.35453414916992, -123.73445892333984, 48.35454177856445]",,,"[-123.7344741821289, 48.35453414916992, -123.73445892333984, 48.35454177856445]",original_place,
b464bd1d-6245-43b6-b106-a54da60391a8,Terri's Ark In The Park,7084 Richview Rd,48.35531856,-123.73333489,"[-123.73333740234375, 48.35531234741211, -123.73332214355469, 48.35531997680664]",,,"[-123.73333740234375, 48.35531234741211, -123.73332214355469, 48.35531997680664]",original_place,
3341ccb2-f6de-4377-88ee-d02aff3a9679,Simpson Point,,48.35354,-123.71468,"[-123.71468353271484, 48.353538513183594, -123.71466827392578, 48.353546142578125]",,,"[-123.71468353271484, 48.353538513183594, -123.71466827392578, 48.353546142578125]",original_place,
d15dd829-f30c-49f9-ae75-61a4609d2cbc,Grant Rocks,,48.35919,-123.7099,"[-123.70991516113281, 48.35918426513672, -123.70989990234375, 48.35919189453125]",,,"[-123.70991516113281, 48.35918426513672, -123.70989990234375, 48.35919189453125]",original_place,
7f0c9269-7e58-4be2-8074-063dab6b430a,East Sooke Regional Park - Pike Road Parking lot,1366 Pike Rd,48.3555192,-123.7029798,"[-123.7029800415039, 48.35551834106445, -123.70296478271484, 48.355525970458984]",,,"[-123.7029800415039, 48.35551834106445, -123.70296478271484, 48.355525970458984]",original_place,
2cc8f302-5887-4a19-97eb-769cef0e4be6,Mount Maguire,,48.35388864,-123.68444461,"[-123.6844482421875, 48.3538818359375, -123.68443298339844, 48.35388946533203]",,,"[-123.6844482421875, 48.3538818359375, -123.68443298339844, 48.35388946533203]",original_place,
bb9b86fe-4f7b-4c04-8a3d-caac5c663c2a,East Sooke Regional Park,,48.35947663,-123.66072403,"[-123.66073608398438, 48.35947036743164, -123.66072082519531, 48.35947799682617]",,,"[-123.66073608398438, 48.35947036743164, -123.66072082519531, 48.35947799682617]",original_place,
650dc36c-7410-41d5-8eaf-6901099f34bc,"East Sooke Regional Park, Pike Road",,48.362772059527,-123.67964524602,"[-123.67965698242188, 48.36276626586914, -123.67964172363281, 48.36277389526367]",6f812d4d-5252-42f3-b6ee-4fa237a08d81,"[-123.67969512939453, 48.36268615722656, -123.67955780029297, 48.36286926269531]","[-123.67969512939453, 48.36268615722656, -123.67955780029297, 48.36286926269531]",building,
6bca5f8a-48d1-44ca-b209-f8e809c4f7ae,East Sooke Community Hall,1397 Copper Mine Rd,48.36336095,-123.67824588,"[-123.67826080322266, 48.36335372924805, -123.6782455444336, 48.36336135864258]",,,"[-123.67826080322266, 48.36335372924805, -123.6782455444336, 48.36336135864258]",original_place,
91c4c90f-0ac5-4213-9ad0-79a2dfdb8d81,Juan de Fuca Search and Rescue,1397 Copper Mine Rd,48.36336838,-123.67824931,"[-123.67826080322266, 48.36336135864258, -123.6782455444336, 48.36336898803711]",,,"[-123.67826080322266, 48.36336135864258, -123.6782455444336, 48.36336898803711]",original_place,
c297f383-5697-459b-8ec7-ad2e584c04a1,East Sooke Fire Improvement District,1397 Copper Mine Rd,48.363368,-123.678029,"[-123.67803192138672, 48.36336135864258, -123.67801666259766, 48.36336898803711]",d58ffdd8-f030-42cd-95f9-a5a19fa9d875,"[-123.67816162109375, 48.36321258544922, -123.6777114868164, 48.363441467285156]","[-123.67816162109375, 48.36321258544922, -123.6777114868164, 48.363441467285156]",building,
979781f8-a387-43f5-ba39-01a694ad1ad4,Black Otter Cove Vacation Rental,1515 Woodcock Rd,48.36731842,-123.67965862,"[-123.67967224121094, 48.36731719970703, -123.67965698242188, 48.36732482910156]",,,"[-123.67967224121094, 48.36731719970703, -123.67965698242188, 48.36732482910156]",original_place,
1255d3ff-e0d2-4649-ba0e-cc0b8a4f7c21,Kenilworth Estate,6134 East Sooke Road,48.364572,-123.674888,"[-123.67488861083984, 48.36457061767578, -123.67487335205078, 48.36457824707031]",,,"[-123.67488861083984, 48.36457061767578, -123.67487335205078, 48.36457824707031]",original_place,
8379b097-c266-4a16-a319-8d00e123e120,East Sooke Regional Park,E Sooke Rd,48.367462663045856,-123.67583829480505,"[-123.67584991455078, 48.367462158203125, -123.67583465576172, 48.367469787597656]",,,"[-123.67584991455078, 48.367462158203125, -123.67583465576172, 48.367469787597656]",original_place,
9ef338c0-4f36-4b0c-920e-3e591594a240,East Sooke Volunteer Fire Department,6071 East Sooke Road,48.36278459,-123.66977802,"[-123.66979217529297, 48.36277770996094, -123.6697769165039, 48.36278533935547]",,,"[-123.66979217529297, 48.36277770996094, -123.6697769165039, 48.36278533935547]",original_place,
c5ef9681-4b93-4608-8a2e-5b4b7312fe8e,911 Nails,6067 Brecon Dr,48.3615183,-123.67411163,"[-123.67412567138672, 48.36151123046875, -123.67411041259766, 48.36151885986328]",,,"[-123.67412567138672, 48.36151123046875, -123.67411041259766, 48.36151885986328]",original_place,
7a05c3ec-5535-4c45-9a06-8addf0f28906,Angela Menzies Art,1344 Martock Rd,48.360855,-123.676284,"[-123.67628479003906, 48.36084747314453, -123.67626953125, 48.36085510253906]",,,"[-123.67628479003906, 48.36084747314453, -123.67626953125, 48.36085510253906]",original_place,
27e28e71-bd02-493c-88e9-283b2e87f4b5,Royal Canadian Marine Search And Rescue,6040 East Sooke Road,48.361631,-123.665214,"[-123.66521453857422, 48.361629486083984, -123.66519927978516, 48.361637115478516]",,,"[-123.66521453857422, 48.361629486083984, -123.66519927978516, 48.361637115478516]",original_place,
6869b185-d7fb-46c3-b09b-4aa7c7b6798e,Raven Creek Kennels,5981 East Sooke Road,48.36090853,-123.66381214,"[-123.66382598876953, 48.36090850830078, -123.66381072998047, 48.36091613769531]",34fc6f9e-b15f-43c7-a23c-73ec55da0574,"[-123.66393280029297, 48.360836029052734, -123.66368103027344, 48.36096954345703]","[-123.66393280029297, 48.360836029052734, -123.66368103027344, 48.36096954345703]",building,
1d5abe55-5320-451c-b1e0-a350018d9656,South Island Water,1324 Norwach Place,48.3660206,-123.6593025,"[-123.65931701660156, 48.36602020263672, -123.6593017578125, 48.36602783203125]",,,"[-123.65931701660156, 48.36602020263672, -123.6593017578125, 48.36602783203125]",original_place,
6a06903e-5eeb-4ee7-8e10-46c5a81a5039,Skye House by BC Island Vacation Homes,5755 Anderson Cove Rd,48.364965,-123.656665,"[-123.65667724609375, 48.36496353149414, -123.65666198730469, 48.36497116088867]",,,"[-123.65667724609375, 48.36496353149414, -123.65666198730469, 48.36497116088867]",original_place,
b358a220-07ab-4101-9c69-15e3cea4868a,Pim Head,,48.3676,-123.65674,"[-123.65675354003906, 48.36759948730469, -123.65673828125, 48.36760711669922]",,,"[-123.65675354003906, 48.36759948730469, -123.65673828125, 48.36760711669922]",original_place,
586d1c69-50c2-4c38-b9a9-aaf593799baa,Madrona Cottage by BC Island Vacation Homes,,48.37299156,-123.68325737,"[-123.68325805664062, 48.372989654541016, -123.68324279785156, 48.37299728393555]",,,"[-123.68325805664062, 48.372989654541016, -123.68324279785156, 48.37299728393555]",original_place,
bd53bc44-dea9-4609-938d-e386bec66559,E. Sooke Waterfront Rental Retreat,91 Seagirt Rd,48.375789,-123.686182,"[-123.68619537353516, 48.37578201293945, -123.6861801147461, 48.375789642333984]",15e3f8df-b431-42f9-ba22-0c2c8f43abd3,"[-123.68631744384766, 48.37572479248047, -123.68604278564453, 48.37590026855469]","[-123.68631744384766, 48.37572479248047, -123.68604278564453, 48.37590026855469]",building,
233f515b-9e9c-4925-aed8-20ef1ed53704,Elite Rubbish,1682 Cole Road,48.3690103,-123.6954675,"[-123.69548034667969, 48.36900329589844, -123.69546508789062, 48.36901092529297]",,,"[-123.69548034667969, 48.36900329589844, -123.69546508789062, 48.36901092529297]",original_place,
68f5af8c-9253-4685-a298-3a337d136106,Amanita Massage Therapy,1523 Willow Grouse Terrace,48.36787946,-123.68693735,"[-123.68695068359375, 48.36787796020508, -123.68693542480469, 48.36788558959961]",,,"[-123.68695068359375, 48.36787796020508, -123.68693542480469, 48.36788558959961]",original_place,
8c07983c-8910-4932-9c1d-62ded425b844,Current Heating & Plumbing Ltd,6262 Llanilar Rd,48.36381850064485,-123.69022090965078,"[-123.69022369384766, 48.36381149291992, -123.6902084350586, 48.36381912231445]",,,"[-123.69022369384766, 48.36381149291992, -123.6902084350586, 48.36381912231445]",original_place,
57a39bc4-8ca6-45f3-978a-b0b303bb9d66,New Age Chimney Sweeps,1676 Cole Road,48.36833723,-123.69470437,"[-123.69471740722656, 48.36833572387695, -123.6947021484375, 48.368343353271484]",,,"[-123.69471740722656, 48.36833572387695, -123.6947021484375, 48.368343353271484]",original_place,
5df6b524-c556-46b1-97b6-17f1e57fd202,West Shack Auto Service,6509 Sooke Rd,48.38058395,-123.71285779,"[-123.71286010742188, 48.380577087402344, -123.71284484863281, 48.380584716796875]",,,"[-123.71286010742188, 48.380577087402344, -123.71284484863281, 48.380584716796875]",original_place,
59ab562e-9159-492c-a437-409a4700ee03,Sooke Veterinary Hospital,6520 Sooke Rd,48.38067463,-123.71368102,"[-123.71368408203125, 48.38066864013672, -123.71366882324219, 48.38067626953125]",,,"[-123.71368408203125, 48.38066864013672, -123.71366882324219, 48.38067626953125]",original_place,
e1f93a49-10e5-48c6-84f6-613d9ea2bc8f,HomeWise Plumbing & Drainage Services Ltd,916 Gillespie Rd,48.38155973003672,-123.71124772796735,"[-123.71125030517578, 48.381553649902344, -123.71123504638672, 48.381561279296875]",fbc7c263-8f59-43cd-bcce-fbe3a56abc02,"[-123.71133422851562, 48.38151931762695, -123.71111297607422, 48.38166427612305]","[-123.71133422851562, 48.38151931762695, -123.71111297607422, 48.38166427612305]",building,
71db423a-8430-4654-b185-be91a5d8ba67,VIP Fishing Charters,2011 Terrott St,48.38054345,-123.70989737,"[-123.70989990234375, 48.38054275512695, -123.70988464355469, 48.380550384521484]",,,"[-123.70989990234375, 48.38054275512695, -123.70988464355469, 48.380550384521484]",original_place,
c1cfb282-c9c5-487b-ba95-43781443372d,Cooper's Cove Ventures,6377 Belvista Pl,48.38289788,-123.70587906,"[-123.70587921142578, 48.382896423339844, -123.70586395263672, 48.382904052734375]",,,"[-123.70587921142578, 48.382896423339844, -123.70586395263672, 48.382904052734375]",original_place,
619b2c2b-07cf-4e84-821b-3709dbdef8dd,T'Sou-ke Indian Reserve 1,,48.38293,-123.70262,"[-123.70262145996094, 48.3829231262207, -123.70260620117188, 48.382930755615234]",,,"[-123.70262145996094, 48.3829231262207, -123.70260620117188, 48.382930755615234]",original_place,
e8e6b231-6124-4627-878f-6b782f73c080,Crumbs Coastal Kitchen,6309 Sooke Rd,48.38512761,-123.70302583,"[-123.70304107666016, 48.3851203918457, -123.7030258178711, 48.385128021240234]",3b01a837-e6ac-4314-a8cd-bc9bc186146e,"[-123.70323181152344, 48.385005950927734, -123.70231628417969, 48.38541793823242]","[-123.70323181152344, 48.385005950927734, -123.70231628417969, 48.38541793823242]",building,
ba5b5f49-065a-4316-8ff5-efd1930a5f7a,Castle Liquor Store,6309 Sooke Rd,48.38528797,-123.70328874,"[-123.70330047607422, 48.38528060913086, -123.70328521728516, 48.38528823852539]",,,"[-123.70330047607422, 48.38528060913086, -123.70328521728516, 48.38528823852539]",original_place,
624c7013-c318-490d-a0fd-e76f983d1e62,Riverside Cannabis,6309 Sooke Rd,48.38526572,-123.70327235,"[-123.70328521728516, 48.3852653503418, -123.7032699584961, 48.38527297973633]",,,"[-123.70328521728516, 48.3852653503418, -123.7032699584961, 48.38527297973633]",original_place,
fb646eed-ca3a-4e29-ad50-3e8fe51c05a3,Sooke River Roadhouse,6309 Sooke Rd,48.3852332,-123.7033028,"[-123.70331573486328, 48.38522720336914, -123.70330047607422, 48.38523483276367]",,,"[-123.70331573486328, 48.38522720336914, -123.70330047607422, 48.38523483276367]",original_place,
216c5903-862f-4cb6-b6a6-af668c3ecbbb,Sooke Region Museum,2070 Phillips Rd,48.38435047,-123.70636978,"[-123.70638275146484, 48.38434982299805, -123.70636749267578, 48.38435745239258]",5abc74ca-981e-43e6-823d-52175ce337e0,"[-123.70653533935547, 48.38416290283203, -123.70628356933594, 48.384361267089844]","[-123.70653533935547, 48.38416290283203, -123.70628356933594, 48.384361267089844]",building,
597eb5bf-5faa-4e29-ba4b-598f9344eb75,Sooke Night Market,2070 Phillips Rd,48.38446039,-123.70645798,"[-123.70645904541016, 48.38445281982422, -123.7064437866211, 48.38446044921875]",,,"[-123.70645904541016, 48.38445281982422, -123.7064437866211, 48.38446044921875]",original_place,
faefceb3-0374-46ac-be78-f783e772cecf,"PES - SEAPARC, Public",,48.386105,-123.707878,"[-123.70787811279297, 48.386104583740234, -123.7078628540039, 48.386112213134766]",91f65934-8760-4f1c-ad8d-1c3ddf936fe5,"[-123.70914459228516, 48.38575744628906, -123.70741271972656, 48.38669967651367]","[-123.70914459228516, 48.38575744628906, -123.70741271972656, 48.38669967651367]",building,
bb9da385-604e-4fc8-906f-a38cf26ad659,SEAPARC Recreation Centre,2168 Phillips Rd,48.38599349,-123.70812243,"[-123.70813751220703, 48.385986328125, -123.70812225341797, 48.38599395751953]",91f65934-8760-4f1c-ad8d-1c3ddf936fe5,"[-123.70914459228516, 48.38575744628906, -123.70741271972656, 48.38669967651367]","[-123.70914459228516, 48.38575744628906, -123.70741271972656, 48.38669967651367]",building,
283d96f0-1d8a-4ba2-913e-76d4f4f6efa3,Sooke Fine Arts Society,2168 Phillips Rd,48.38613434419062,-123.70830277296243,"[-123.70830535888672, 48.38612747192383, -123.70829010009766, 48.38613510131836]",91f65934-8760-4f1c-ad8d-1c3ddf936fe5,"[-123.70914459228516, 48.38575744628906, -123.70741271972656, 48.38669967651367]","[-123.70914459228516, 48.38575744628906, -123.70741271972656, 48.38669967651367]",building,
8dcf090a-654e-40c7-9419-977d3adf7153,Sooke Arena,2168 Phillips Rd,48.38615318,-123.70814643,"[-123.70816040039062, 48.386146545410156, -123.70814514160156, 48.38615417480469]",91f65934-8760-4f1c-ad8d-1c3ddf936fe5,"[-123.70914459228516, 48.38575744628906, -123.70741271972656, 48.38669967651367]","[-123.70914459228516, 48.38575744628906, -123.70741271972656, 48.38669967651367]",building,
96d41fb1-8dec-496f-97b6-b7da2cdfd219,Sooke Fine Arts Show,2168 Phillips Rd,48.38614816,-123.70863737,"[-123.7086410522461, 48.386146545410156, -123.70862579345703, 48.38615417480469]",,,"[-123.7086410522461, 48.386146545410156, -123.70862579345703, 48.38615417480469]",original_place,
125be439-2a0a-4006-b554-1e53a9ffc97d,Seascape Oceanfront,6435 Sooke Rd,48.38219201,-123.70922528,"[-123.709228515625, 48.3821907043457, -123.70921325683594, 48.382198333740234]",,,"[-123.709228515625, 48.3821907043457, -123.70921325683594, 48.382198333740234]",original_place,
9fb8c13a-0bfb-430d-b268-fc921f7f92cd,Sooke Gutter,6450 Sooke Rd,48.38205902,-123.7100318,"[-123.71004486083984, 48.382057189941406, -123.71002960205078, 48.38206481933594]",,,"[-123.71004486083984, 48.382057189941406, -123.71002960205078, 48.38206481933594]",original_place,
fcd61587-7ad4-4b37-a3ee-49a62885f226,Sooke Flats,,48.38854200869891,-123.70776810329612,"[-123.70777130126953, 48.38853454589844, -123.70775604248047, 48.38854217529297]",,,"[-123.70777130126953, 48.38853454589844, -123.70775604248047, 48.38854217529297]",original_place,
b4a47add-5691-4609-a907-0fe210048002,De Mamiel Creek,,48.38983717,-123.71178193,"[-123.71178436279297, 48.389835357666016, -123.7117691040039, 48.38984298706055]",,,"[-123.71178436279297, 48.389835357666016, -123.7117691040039, 48.38984298706055]",original_place,
4171901e-ffe1-4514-820d-049f7f08e1a6,Sooke Jumping,2168 Phillips Rd,48.391759,-123.7116745,"[-123.71167755126953, 48.39175796508789, -123.71166229248047, 48.39176559448242]",903a9ba8-4a2d-40cd-911e-c84f0bf09417,"[-123.7118911743164, 48.391685485839844, -123.7116470336914, 48.391841888427734]","[-123.7118911743164, 48.391685485839844, -123.7116470336914, 48.391841888427734]",building,
46994054-0012-4a6b-9f96-af3c710ee7fb,Chameleons Galore,2367 Demamiel Dr,48.3919529058529,-123.71250645318126,"[-123.71250915527344, 48.39195251464844, -123.71249389648438, 48.39196014404297]",411b2f20-1354-4375-a61e-7dce40b5d891,"[-123.7126693725586, 48.391807556152344, -123.71244812011719, 48.391990661621094]","[-123.7126693725586, 48.391807556152344, -123.71244812011719, 48.391990661621094]",building,
ba891348-caea-4a81-906a-68382550b6bf,Blissful Baskets by Christina,2355 Demamiel Dr,48.39195564,-123.71325145,"[-123.71326446533203, 48.39194869995117, -123.71324920654297, 48.3919563293457]",,,"[-123.71326446533203, 48.39194869995117, -123.71324920654297, 48.3919563293457]",original_place,
ff010d41-38ab-4a56-b258-7fbe5dcf8a50,R and C Groundskeeping,2365 De Mamiel Dr,48.39231936,-123.71389342,"[-123.71390533447266, 48.39231872558594, -123.7138900756836, 48.39232635498047]",,,"[-123.71390533447266, 48.39231872558594, -123.7138900756836, 48.39232635498047]",original_place,
ee67980d-0dc8-44f4-96bc-1b4ac986a148,Sunriver Estates,,48.394745531375,-123.71411301656,"[-123.71412658691406, 48.394744873046875, -123.714111328125, 48.394752502441406]",,,"[-123.71412658691406, 48.394744873046875, -123.714111328125, 48.394752502441406]",original_place,
7635cfd1-71c7-4514-ba4c-a7c62818528b,Sun River Estates Ltd,2350 Sunriver Way,48.39356,-123.71241,"[-123.7124252319336, 48.393558502197266, -123.71240997314453, 48.3935661315918]",,,"[-123.7124252319336, 48.393558502197266, -123.71240997314453, 48.3935661315918]",original_place,
4a93bdae-96ac-4672-a1d7-b1cd348ad982,SunRiver Dental and Implant Centre,2350 Sunriver Way,48.39324713,-123.71253343,"[-123.7125473022461, 48.393245697021484, -123.71253204345703, 48.393253326416016]",,,"[-123.7125473022461, 48.393245697021484, -123.71253204345703, 48.393253326416016]",original_place,
c0d2ffa3-62bf-4084-b4e4-fa5ce8b5e993,"Choo Choo, Let's Go! Child Care Centre / Centre de Garde - Child Care Center",2340 Sunriver Way,48.3931592,-123.7126041,"[-123.71261596679688, 48.393157958984375, -123.71260070800781, 48.393165588378906]",,,"[-123.71261596679688, 48.393157958984375, -123.71260070800781, 48.393165588378906]",original_place,
8770d20e-e2e6-49f9-b939-c264b497a623,Legendary Investments,2350 Sunriver Way,48.3931244,-123.71185836,"[-123.71186065673828, 48.393123626708984, -123.71184539794922, 48.393131256103516]",,,"[-123.71186065673828, 48.393123626708984, -123.71184539794922, 48.393131256103516]",original_place,
37438723-88fc-4d8f-9a32-98f46a146f87,Sugar Sandwich Design Studio,2320 Rivers Edge Pl,48.39142543848445,-123.71085957705152,"[-123.71086120605469, 48.39141845703125, -123.71084594726562, 48.39142608642578]",4d44a90b-7caa-4c44-a444-e10d6b08b9ef,"[-123.71098327636719, 48.39130401611328, -123.71072387695312, 48.39148712158203]","[-123.71098327636719, 48.39130401611328, -123.71072387695312, 48.39148712158203]",building,
6055b151-7d7f-4fb0-a221-13ea25b0a02c,Tri City Automotive,6210 Marilyn Rd,48.39484089,-123.70140767,"[-123.70140838623047, 48.394840240478516, -123.7013931274414, 48.39484786987305]",,,"[-123.70140838623047, 48.394840240478516, -123.7013931274414, 48.39484786987305]",original_place,
f9d6f678-7a67-4132-a555-c485098a8991,Pacific Mobile Depots,6215 Marilyn Rd,48.394471,-123.701859,"[-123.70187377929688, 48.39447021484375, -123.70185852050781, 48.39447784423828]",d7bc136c-4b5d-46dc-975f-da01f02b92f3,"[-123.70203399658203, 48.3942985534668, -123.70172882080078, 48.39454650878906]","[-123.70203399658203, 48.3942985534668, -123.70172882080078, 48.39454650878906]",building,
660267f2-2f61-478a-a85b-ebf6a1c48f06,HHS Drilling and Blasting,6205 Marilyn Rd,48.39453733,-123.70073538,"[-123.70073699951172, 48.39453125, -123.70072174072266, 48.39453887939453]",,,"[-123.70073699951172, 48.39453125, -123.70072174072266, 48.39453887939453]",original_place,
0cdaf282-2cdb-4b86-aeff-2ab4e0870dcd,Menard Plumbing and Heating,2371 Sooke River Road,48.3950227396403,-123.69982924570226,"[-123.69984436035156, 48.395015716552734, -123.6998291015625, 48.395023345947266]",4c7097de-b130-4da5-8f84-d18d8055f7cb,"[-123.69987487792969, 48.394954681396484, -123.69962310791016, 48.395118713378906]","[-123.69987487792969, 48.394954681396484, -123.69962310791016, 48.395118713378906]",building,
362e4036-f0fa-46bf-8326-561a3810145f,Sooke Computer Systems,2357 Sooke River Rd,48.393334,-123.700237,"[-123.70024871826172, 48.393333435058594, -123.70023345947266, 48.393341064453125]",d11ce114-dc12-43c0-a56b-cdc28dfe37b6,"[-123.70035552978516, 48.39324951171875, -123.7000732421875, 48.393428802490234]","[-123.70035552978516, 48.39324951171875, -123.7000732421875, 48.393428802490234]",building,
8713fa09-1584-4318-871e-ed96ff2c8566,Girl Guide Camp,2292 Sooke River Rd,48.39102785,-123.70263233,"[-123.70264434814453, 48.391021728515625, -123.70262908935547, 48.391029357910156]",,,"[-123.70264434814453, 48.391021728515625, -123.70262908935547, 48.391029357910156]",original_place,
6ca2dd80-cfdc-482e-b9f3-4108ad7876b6,AAA Horsemanship,2309 Sooke River Rd,48.39168,-123.7012,"[-123.70120239257812, 48.39167404174805, -123.70118713378906, 48.39168167114258]",,,"[-123.70120239257812, 48.39167404174805, -123.70118713378906, 48.39168167114258]",original_place,
a333f150-696f-4425-a60a-6afb783742d7,Sooke Soccer Club,2249 Sooke River Rd,48.38878696415827,-123.70066265641437,"[-123.70067596435547, 48.38878631591797, -123.7006607055664, 48.3887939453125]",,,"[-123.70067596435547, 48.38878631591797, -123.7006607055664, 48.3887939453125]",original_place,
8d06b0d1-a907-4250-86e9-26933f03ee5c,Sooke Horse Shoe Pitching Club,2307 Sooke River Rd #2249,48.38865236,-123.70123397,"[-123.70124816894531, 48.38864517211914, -123.70123291015625, 48.38865280151367]",,,"[-123.70124816894531, 48.38864517211914, -123.70123291015625, 48.38865280151367]",original_place,
b03c7558-0a8b-4c0a-bdf9-3c7226d6eb93,Fred Milne Park,2249 Sooke River Rd,48.38920129,-123.70121176,"[-123.70122528076172, 48.38919448852539, -123.70121002197266, 48.38920211791992]",438320cb-7eb0-47d5-9ce2-378ae398c82b,"[-123.7012939453125, 48.38916015625, -123.70106506347656, 48.38936996459961]","[-123.7012939453125, 48.38916015625, -123.70106506347656, 48.38936996459961]",building,
f3186eec-075f-464b-a365-b05e54f633c0,Teriyaki House,6250 Sooke Rd,48.38809212,-123.70049887,"[-123.70050048828125, 48.388092041015625, -123.70048522949219, 48.388099670410156]",264a84d6-1fd2-41bb-846b-722938db0796,"[-123.70061492919922, 48.38805389404297, -123.70023345947266, 48.388267517089844]","[-123.70061492919922, 48.38805389404297, -123.70023345947266, 48.388267517089844]",building,
e74665f1-fdcc-4c5c-9724-73bd568cac88,Sooke River Store,6250 Sooke Rd,48.38807573,-123.70048557,"[-123.70050048828125, 48.38806915283203, -123.70048522949219, 48.38807678222656]",264a84d6-1fd2-41bb-846b-722938db0796,"[-123.70061492919922, 48.38805389404297, -123.70023345947266, 48.388267517089844]","[-123.70061492919922, 48.38805389404297, -123.70023345947266, 48.388267517089844]",building,
98fb33ab-dd0b-4564-aa06-cef6e103a640,Sooke Sweet and Pop Shoppe,6250 Sooke Rd,48.38806887,-123.70047428,"[-123.70047760009766, 48.3880615234375, -123.7004623413086, 48.38806915283203]",264a84d6-1fd2-41bb-846b-722938db0796,"[-123.70061492919922, 48.38805389404297, -123.70023345947266, 48.388267517089844]","[-123.70061492919922, 48.38805389404297, -123.70023345947266, 48.388267517089844]",building,
f64855e2-81ed-40bd-a37b-4dba95ea0d3e,Juan De Fuca Seventh-Day Adventist Church,6251 Sooke Rd,48.38743495,-123.70004085,"[-123.70004272460938, 48.387428283691406, -123.70002746582031, 48.38743591308594]",,,"[-123.70004272460938, 48.387428283691406, -123.70002746582031, 48.38743591308594]",original_place,
e0885bd5-8e99-4fcc-b783-eb539dccd5e6,Mainline Landscape Supplies,6228 Sooke Rd,48.38856293034,-123.69813680649,"[-123.69815063476562, 48.3885612487793, -123.69813537597656, 48.38856887817383]",,,"[-123.69815063476562, 48.3885612487793, -123.69813537597656, 48.38856887817383]",original_place,
792e7bd1-b536-4f39-a79e-d334be66fc54,Youth For Sooke,6218 Sooke Rd,48.3879033,-123.697513,"[-123.69752502441406, 48.38789749145508, -123.697509765625, 48.38790512084961]",,,"[-123.69752502441406, 48.38789749145508, -123.697509765625, 48.38790512084961]",original_place,
81ad146e-cf63-48c3-be3b-1bceca1b7a92,Sooke Community Theatre,6218 Sooke Rd,48.38809636,-123.69622107,"[-123.69623565673828, 48.38809585571289, -123.69622039794922, 48.38810348510742]",,,"[-123.69623565673828, 48.38809585571289, -123.69622039794922, 48.38810348510742]",original_place,
d1f95448-4d4d-4156-b135-c66799ff59b9,Sooke Boxing Club,6221 Sooke Rd,48.3873889,-123.6966406,"[-123.6966552734375, 48.38738250732422, -123.69664001464844, 48.38739013671875]",,,"[-123.6966552734375, 48.38738250732422, -123.69664001464844, 48.38739013671875]",original_place,
950357fb-36f1-46cf-ac4d-c34c8685d802,Tim Hortons,6080 Sooke Rd,48.38801035,-123.6932881,"[-123.69329071044922, 48.388004302978516, -123.69327545166016, 48.38801193237305]",,,"[-123.69329071044922, 48.388004302978516, -123.69327545166016, 48.38801193237305]",original_place,
525e057b-fe97-45b5-b243-f70f8a546739,Petro-Canada,6080 Sooke Rd,48.38795699,-123.69323355,"[-123.6932373046875, 48.3879508972168, -123.69322204589844, 48.38795852661133]",,,"[-123.6932373046875, 48.3879508972168, -123.69322204589844, 48.38795852661133]",original_place,
f33df826-c3b9-4b7d-ae2b-65d9c45dcd5e,Butler Brothers Supplies Ltd,6228 Sooke Rd,48.390442338,-123.695282159,"[-123.69529724121094, 48.39044189453125, -123.69528198242188, 48.39044952392578]",,,"[-123.69529724121094, 48.39044189453125, -123.69528198242188, 48.39044952392578]",original_place,
663d3478-02ec-4c66-902f-cb452a304bf7,Sooke Auto Recycling,6228 Sooke Rd,48.38986772,-123.69746392,"[-123.69746398925781, 48.38986587524414, -123.69744873046875, 48.38987350463867]",,,"[-123.69746398925781, 48.38986587524414, -123.69744873046875, 48.38987350463867]",original_place,
fabfa8e6-ea1c-442e-80ec-1f07f4ad35fa,U-Haul Neighborhood Dealer,6228 Sooke Rd,48.38967,-123.697066,"[-123.69706726074219, 48.38966369628906, -123.69705200195312, 48.389671325683594]",,,"[-123.69706726074219, 48.38966369628906, -123.69705200195312, 48.389671325683594]",original_place,
9336f5bc-94d7-404a-b512-fbfee2e73884,Sooke Tools & Equipment Rental,6228 Sooke Rd,48.3899126,-123.6976941,"[-123.69770812988281, 48.38991165161133, -123.69769287109375, 48.38991928100586]",,,"[-123.69770812988281, 48.38991165161133, -123.69769287109375, 48.38991928100586]",original_place,
493a3a63-add3-4094-b0a8-1d8aa306a9fa,Stormin Norman's Paintball adventures,East Sooke RD (across from Charles Rd),48.38877669,-123.6845019,"[-123.68451690673828, 48.38877487182617, -123.68450164794922, 48.3887825012207]",86c91d77-17cb-4fe4-b843-2fc0058d78c1,"[-123.68450927734375, 48.38875198364258, -123.68440246582031, 48.3888053894043]","[-123.68450927734375, 48.38875198364258, -123.68440246582031, 48.3888053894043]",building,
934a9233-8c68-4fd5-a729-8b709c7d6e05,DDC Snanet Centre - Petro Can,,48.38781,-123.68898,"[-123.68898010253906, 48.38780975341797, -123.68896484375, 48.3878173828125]",,,"[-123.68898010253906, 48.38780975341797, -123.68896484375, 48.3878173828125]",original_place,
671051ea-8d4b-4998-a3ee-313ed6fc3436,Sooke Harbour Cemetery,,48.386891,-123.69082721,"[-123.69084167480469, 48.38689041137695, -123.69082641601562, 48.386898040771484]",,,"[-123.69084167480469, 48.38689041137695, -123.69082641601562, 48.386898040771484]",original_place,
160d4ed0-69cd-4e0d-b74f-983d798359b4,Saseenos Elementary,6066 Sooke Rd,48.38749113,-123.68794284,"[-123.68795776367188, 48.387489318847656, -123.68794250488281, 48.38749694824219]",,,"[-123.68795776367188, 48.387489318847656, -123.68794250488281, 48.38749694824219]",original_place,
933d322f-83f0-4cca-98ad-75a3e8524492,Kids Quest Day Care,6038 Sooke Rd,48.38733301,-123.68722567,"[-123.68724060058594, 48.387332916259766, -123.68722534179688, 48.3873405456543]",,,"[-123.68724060058594, 48.387332916259766, -123.68722534179688, 48.3873405456543]",original_place,
08a58270-efc5-473a-871b-e8213b2a4b4f,Jenkins Marine,2019 Kaltasin Rd,48.3840767,-123.68756576,"[-123.68756866455078, 48.38407516479492, -123.68755340576172, 48.38408279418945]",3d0a3dd0-a52b-4dd2-a462-5c211148041e,"[-123.68783569335938, 48.383968353271484, -123.68751525878906, 48.38422393798828]","[-123.68783569335938, 48.383968353271484, -123.68751525878906, 48.38422393798828]",building,
76d3f400-2434-44a7-a82e-000b3c6797b8,Billings Spit Beach House,Kaltasin Rd,48.382955,-123.689945,"[-123.68995666503906, 48.38295364379883, -123.68994140625, 48.38296127319336]",d4f3c4a0-a91e-477c-8b3b-e7b9e1e480be,"[-123.69013977050781, 48.3829345703125, -123.68988800048828, 48.383087158203125]","[-123.69013977050781, 48.3829345703125, -123.68988800048828, 48.383087158203125]",building,
823fdeff-8fe6-48de-a5de-ce1f4b32a490,Sage Piano Studio,"Main, 2009 Idlemore Road Unit 6, Floor, Rear",48.38274657,-123.69157025,"[-123.69158172607422, 48.38274002075195, -123.69156646728516, 48.382747650146484]",44713914-b96a-4f46-9dbd-75269c23b15e,"[-123.69166564941406, 48.38267517089844, -123.69139862060547, 48.382808685302734]","[-123.69166564941406, 48.38267517089844, -123.69139862060547, 48.382808685302734]",building,
4fcd1c41-1107-40f8-9620-ce9ca2235b39,Happy Carpet Cleaners,1998 Kaltasin Rd # 1,48.383183895035245,-123.68996584322284,"[-123.68997955322266, 48.383182525634766, -123.6899642944336, 48.3831901550293]",badb282e-88b2-415b-b358-9187a882d26b,"[-123.6900863647461, 48.38310623168945, -123.68986511230469, 48.38326644897461]","[-123.6900863647461, 48.38310623168945, -123.68986511230469, 48.38326644897461]",building,
b7598d1c-32b5-4d20-a906-729d8b9a14f4,Arden's Self Storage,2039 Idlemore Rd,48.38413215,-123.6914368,"[-123.69145202636719, 48.384124755859375, -123.69143676757812, 48.384132385253906]",,,"[-123.69145202636719, 48.384124755859375, -123.69143676757812, 48.384132385253906]",original_place,
68ac88fb-48e8-45fe-a66e-6682614b2d34,Sooke Montessori Jr Kindergarten,,48.38436998,-123.68920481,"[-123.68921661376953, 48.384368896484375, -123.68920135498047, 48.384376525878906]",,,"[-123.68921661376953, 48.384368896484375, -123.68920135498047, 48.384376525878906]",original_place,
4cd9d909-e84c-47a2-b62b-99237081f7a3,Thompson Glass,"Suite 112 – 2059 Kaltasin Rd.,",48.386262,-123.6879348,"[-123.68793487548828, 48.386260986328125, -123.68791961669922, 48.386268615722656]",,,"[-123.68793487548828, 48.386260986328125, -123.68791961669922, 48.386268615722656]",original_place,
dd0af051-02c4-4a2a-b454-0ba06569d9b7,Sooke Removal & Hauling,Lot 9- 2049 Idlemore Rd,48.3860979,-123.6908124,"[-123.69082641601562, 48.3860969543457, -123.69081115722656, 48.386104583740234]",,,"[-123.69082641601562, 48.3860969543457, -123.69081115722656, 48.386104583740234]",original_place,
da4176ad-eb61-4e38-bbab-ddee296702fd,Wenstob Timber Resources,2050 Idlemore Rd,48.38626924,-123.69242543,"[-123.69242858886719, 48.386268615722656, -123.69241333007812, 48.38627624511719]",,,"[-123.69242858886719, 48.386268615722656, -123.69241333007812, 48.38627624511719]",original_place,
32d54316-4260-4b3a-872b-274fbae1bc8f,Michael Uhthoff Custom Woodworking,2032 Idlemore Rd H,48.38460991,-123.69206635,"[-123.69207000732422, 48.38460922241211, -123.69205474853516, 48.38461685180664]",,,"[-123.69207000732422, 48.38460922241211, -123.69205474853516, 48.38461685180664]",original_place,
215874ba-e538-4ae3-82cc-865f5c3dbd8b,Oceans West Marine Fabrication,2036 Idlemore Rd,48.384199,-123.69191,"[-123.69192504882812, 48.38419723510742, -123.69190979003906, 48.38420486450195]",,,"[-123.69192504882812, 48.38419723510742, -123.69190979003906, 48.38420486450195]",original_place,
5e9c63ae-f79a-46dc-b68c-2755e7c8653c,Tail Waggin' Raw Dog Food,3043 George Ln,48.38452727,-123.6938186,"[-123.69383239746094, 48.384521484375, -123.69381713867188, 48.38452911376953]",,,"[-123.69383239746094, 48.384521484375, -123.69381713867188, 48.38452911376953]",original_place,
e8b4cb3f-5c4c-48ed-90de-c9c3c2c5c2f3,T'Sou-ke First Nation,"2154 Lazzar Rd Sooke Ir, BC Canada",48.38477894,-123.69747382,"[-123.6974868774414, 48.3847770690918, -123.69747161865234, 48.38478469848633]",,,"[-123.6974868774414, 48.3847770690918, -123.69747161865234, 48.38478469848633]",original_place,
742eca31-fb1b-4265-b787-02876f850819,Sumshathutlellum Preschool,2155 Lazzar Rd,48.3852615,-123.6967926,"[-123.69679260253906, 48.38525390625, -123.69677734375, 48.38526153564453]",63a1819b-4d8d-47de-b2c1-87a3492e857d,"[-123.69698333740234, 48.38518524169922, -123.6966781616211, 48.38539123535156]","[-123.69698333740234, 48.38518524169922, -123.6966781616211, 48.38539123535156]",building,
1ef4b1e9-6b26-4ab3-aef7-0be56a9f0419,DHD Truck & Auto Repair Services,2024 Idlemore Rd,48.383977,-123.692605,"[-123.69261932373047, 48.383975982666016, -123.6926040649414, 48.38398361206055]",,,"[-123.69261932373047, 48.383975982666016, -123.6926040649414, 48.38398361206055]",original_place,
c5e3008c-4c86-4d00-a6c1-79addf0ecb07,Sooke Moving and Storage,2018 Idlemore Rd,48.38358268,-123.69215214,"[-123.69215393066406, 48.383575439453125, -123.692138671875, 48.383583068847656]",,,"[-123.69215393066406, 48.383575439453125, -123.692138671875, 48.383583068847656]",original_place,
bb4dabfe-7d5c-4439-a10a-776f45e8e161,Billings Point,,48.37890581544009,-123.69120686076866,"[-123.69120788574219, 48.37889862060547, -123.69119262695312, 48.37890625]",,,"[-123.69120788574219, 48.37889862060547, -123.69119262695312, 48.37890625]",original_place,
94d0bfc0-545b-420f-abd9-e44789f33dce,Kaltasin Beachouse Farmstay,1911 Kaltasin Rd,48.37939,-123.69141,"[-123.69142150878906, 48.3793830871582, -123.69140625, 48.379390716552734]",,,"[-123.69142150878906, 48.3793830871582, -123.69140625, 48.379390716552734]",original_place,
2b1b7b58-67df-4c17-bdd8-c6aa55fc1598,Blue Raven Gallery,1971 Kaltasin Rd,48.381806,-123.688722,"[-123.68873596191406, 48.381805419921875, -123.688720703125, 48.381813049316406]",6e49378f-7e3c-4049-998c-79096cf7f0f8,"[-123.68881225585938, 48.3817253112793, -123.68858337402344, 48.381927490234375]","[-123.68881225585938, 48.3817253112793, -123.68858337402344, 48.381927490234375]",building,
e7b240a7-6f48-4422-8da7-e731c0f14743,Western Island Tree Service Ltd.,5697 Sooke Rd.,48.3900335,-123.6675934,"[-123.66759490966797, 48.3900260925293, -123.6675796508789, 48.39003372192383]",,,"[-123.66759490966797, 48.3900260925293, -123.6675796508789, 48.39003372192383]",original_place,
f81d85b1-c4b4-47ea-be50-2e1f812d3bfb,Sunny Shores Resort and Marina,5621 Sooke Rd,48.3902651,-123.664465,"[-123.66446685791016, 48.3902587890625, -123.6644515991211, 48.39026641845703]",,,"[-123.66446685791016, 48.3902587890625, -123.6644515991211, 48.39026641845703]",original_place,
9f284e3d-398b-417f-adc3-d1d368e61d7b,Sooke Fire Hall No. 2,2011 Goodridge Rd,48.39077741,-123.66329334,"[-123.6633071899414, 48.390769958496094, -123.66329193115234, 48.390777587890625]",,,"[-123.6633071899414, 48.390769958496094, -123.66329193115234, 48.390777587890625]",original_place,
2a740b43-919e-413e-809a-cc1bbd1e57a4,E-Fish-Ent Fish Co,1941 Goodridge Rd,48.389582,-123.662551,"[-123.66255187988281, 48.38957595825195, -123.66253662109375, 48.389583587646484]",2cfb5051-907e-4929-aea3-c2d0b597384b,"[-123.66263580322266, 48.38947677612305, -123.66217803955078, 48.38971710205078]","[-123.66263580322266, 48.38947677612305, -123.66217803955078, 48.38971710205078]",building,
3bc10858-8e55-467b-b6e9-bf3995bec562,Goodridge Peninsula,,48.38784,-123.65679,"[-123.65679168701172, 48.38783264160156, -123.65677642822266, 48.387840270996094]",,,"[-123.65679168701172, 48.38783264160156, -123.65677642822266, 48.387840270996094]",original_place,
225ca971-7e50-4587-8a42-d3d53db71f7a,Westcoast Adventure College,5449 Sooke Rd,48.39401091,-123.65577231,"[-123.6557846069336, 48.394004821777344, -123.65576934814453, 48.394012451171875]",,,"[-123.6557846069336, 48.394004821777344, -123.65576934814453, 48.394012451171875]",original_place,
d691a2eb-0d06-4d73-b572-dd81ccc38623,Stickleback Oceanfront Cider & Taphouse,5449 Sooke Rd,48.39405777,-123.65573471,"[-123.65574645996094, 48.39405059814453, -123.65573120117188, 48.39405822753906]",,,"[-123.65574645996094, 48.39405059814453, -123.65573120117188, 48.39405822753906]",original_place,
ba02615f-e369-4438-b098-40d429890902,Rush Adventures Inc,5449 Sooke Rd,48.39405387,-123.65552278,"[-123.65552520751953, 48.394046783447266, -123.65550994873047, 48.3940544128418]",,,"[-123.65552520751953, 48.394046783447266, -123.65550994873047, 48.3940544128418]",original_place,
bc1b7bf7-6def-489c-8768-607ac4d86944,Vancouver Island Lodge,5455 Sooke Rd,48.39353437,-123.65606676,"[-123.65606689453125, 48.39352798461914, -123.65605163574219, 48.39353561401367]",,,"[-123.65606689453125, 48.39352798461914, -123.65605163574219, 48.39353561401367]",original_place,
f517aecb-be1b-4b44-a92f-958177e8e20a,Cherry Lane Equine,5480 Sooke Rd,48.39471215,-123.65781279,"[-123.6578140258789, 48.394710540771484, -123.65779876708984, 48.394718170166016]",,,"[-123.6578140258789, 48.394710540771484, -123.65779876708984, 48.394718170166016]",original_place,
aac746ff-2017-4841-86df-c2d9fac3763b,Saseenos Veterinary Services,5490 Sooke Rd,48.39444427,-123.65813798,"[-123.65814971923828, 48.39444351196289, -123.65813446044922, 48.39445114135742]",,,"[-123.65814971923828, 48.39444351196289, -123.65813446044922, 48.39445114135742]",original_place,
4e9c880a-7e59-4fea-aaf3-725edd96450c,Daniel's Market,5529 Sooke Rd,48.39321604,-123.65980547,"[-123.65982055664062, 48.39321517944336, -123.65980529785156, 48.39322280883789]",,,"[-123.65982055664062, 48.39321517944336, -123.65980529785156, 48.39322280883789]",original_place,
972d549b-6d44-4652-a5f3-3f50aeef60e2,Localcoin Bitcoin ATM - Daniel's Market - Sooke Esso,5529 Sooke Rd,48.393181145727596,-123.65966659201337,"[-123.65966796875, 48.39318084716797, -123.65965270996094, 48.3931884765625]",73d279d3-1b00-48d5-8354-464e95e9f98e,"[-123.65989685058594, 48.393043518066406, -123.65950775146484, 48.393272399902344]","[-123.65989685058594, 48.393043518066406, -123.65950775146484, 48.393272399902344]",building,
912ae5e8-2128-4dd8-93ee-313d8f7a88d4,Esso,5529 Sooke Rd,48.393337792139675,-123.65968884192895,"[-123.6596908569336, 48.39333724975586, -123.65967559814453, 48.39334487915039]",1193e811-7a0e-489b-9093-798f944c822f,"[-123.65979766845703, 48.393280029296875, -123.65961456298828, 48.39342498779297]","[-123.65979766845703, 48.393280029296875, -123.65961456298828, 48.39342498779297]",building,
d38fca85-36a5-4aae-9d3b-8aea8de9532f,Yateman Automotive,5529 Sooke Rd,48.39335,-123.65968,"[-123.65968322753906, 48.393348693847656, -123.65966796875, 48.39335632324219]",1193e811-7a0e-489b-9093-798f944c822f,"[-123.65979766845703, 48.393280029296875, -123.65961456298828, 48.39342498779297]","[-123.65979766845703, 48.393280029296875, -123.65961456298828, 48.39342498779297]",building,
ad7e9d43-0acf-4a1a-a5e3-b5e2cb4b3d1a,Shell,5529 Sooke Rd,48.39335799,-123.65974065,"[-123.65974426269531, 48.39335632324219, -123.65972900390625, 48.39336395263672]",1193e811-7a0e-489b-9093-798f944c822f,"[-123.65979766845703, 48.393280029296875, -123.65961456298828, 48.39342498779297]","[-123.65979766845703, 48.393280029296875, -123.65961456298828, 48.39342498779297]",building,
446a3845-3b57-4dff-8056-866c51d39d17,Sooke Oceanside Brewery,5871-A Sooke Rd,48.39335847711746,-123.6597706835928,"[-123.65978240966797, 48.39335250854492, -123.6597671508789, 48.39336013793945]",,,"[-123.65978240966797, 48.39335250854492, -123.6597671508789, 48.39336013793945]",original_place,
f7b1879a-5589-4dbc-a404-f2ab69d4eaf7,Chevron - Gas Station,5529 Sooke Road,48.393378,-123.659762,"[-123.65977478027344, 48.39337158203125, -123.65975952148438, 48.39337921142578]",1193e811-7a0e-489b-9093-798f944c822f,"[-123.65979766845703, 48.393280029296875, -123.65961456298828, 48.39342498779297]","[-123.65979766845703, 48.393280029296875, -123.65961456298828, 48.39342498779297]",building,
bd02b3bb-1773-4ae4-adb4-44386d7c3833,Unbranded - Convenience Store,5529 Sooke Road,48.393378,-123.659762,"[-123.65977478027344, 48.39337158203125, -123.65975952148438, 48.39337921142578]",1193e811-7a0e-489b-9093-798f944c822f,"[-123.65979766845703, 48.393280029296875, -123.65961456298828, 48.39342498779297]","[-123.65979766845703, 48.393280029296875, -123.65961456298828, 48.39342498779297]",building,
fe8debf6-3be3-4a3f-9860-9c31dc788b83,Convenience Store,5529 Sooke Road,48.393378,-123.659762,"[-123.65977478027344, 48.39337158203125, -123.65975952148438, 48.39337921142578]",1193e811-7a0e-489b-9093-798f944c822f,"[-123.65979766845703, 48.393280029296875, -123.65961456298828, 48.39342498779297]","[-123.65979766845703, 48.393280029296875, -123.65961456298828, 48.39342498779297]",building,
f41d473e-cff7-4275-95f5-653768f4c688,Drivers Welding,5536 Sooke Rd,48.39366669,-123.6607042,"[-123.66070556640625, 48.3936653137207, -123.66069030761719, 48.393672943115234]",,,"[-123.66070556640625, 48.3936653137207, -123.66069030761719, 48.393672943115234]",original_place,
59c4d8bf-b999-4f6e-8176-3f17969f8295,The National Trust for Land and Culture - BC Society,2190 Harbourview Rd,48.393915,-123.668619,"[-123.66863250732422, 48.39391326904297, -123.66861724853516, 48.3939208984375]",,,"[-123.66863250732422, 48.39391326904297, -123.66861724853516, 48.3939208984375]",original_place,
0a31ca14-ebe0-4aa1-8c1b-5c69dcf2078d,The Doggy Lounge,5796 Woodlands Rd,48.39108109,-123.67601132,"[-123.676025390625, 48.391075134277344, -123.67601013183594, 48.391082763671875]",,,"[-123.676025390625, 48.391075134277344, -123.67601013183594, 48.391082763671875]",original_place,
6493e788-7710-4935-852a-b7eb40e65365,Laughing duck farm,5709 Woodlands Rd,48.392113,-123.671016,"[-123.67102813720703, 48.392112731933594, -123.67101287841797, 48.392120361328125]",1b89eced-3386-48cb-a225-080bc3813e48,"[-123.67107391357422, 48.39204788208008, -123.67093658447266, 48.39213180541992]","[-123.67107391357422, 48.39204788208008, -123.67093658447266, 48.39213180541992]",building,
33e770b7-ee56-4264-a627-b18f8f32ef4a,Oh My Darlin' Flowers and Finds,5705 Sooke Rd,48.39033955,-123.66934358,"[-123.66935729980469, 48.39033889770508, -123.66934204101562, 48.39034652709961]",,,"[-123.66935729980469, 48.39033889770508, -123.66934204101562, 48.39034652709961]",original_place,
c00714e7-c838-469d-a4b1-697bd5eeb744,Island Shiners Distillery,5723 Sooke Rd,48.39073,-123.67097,"[-123.67098236083984, 48.390724182128906, -123.67096710205078, 48.39073181152344]",,,"[-123.67098236083984, 48.390724182128906, -123.67096710205078, 48.39073181152344]",original_place,
bcc0deb7-5158-4a3e-967d-9633f386a249,Sunny Sprouts Daycare,Saseenos,48.389406171467364,-123.6718979061026,"[-123.67191314697266, 48.389404296875, -123.6718978881836, 48.38941192626953]",,,"[-123.67191314697266, 48.389404296875, -123.6718978881836, 48.38941192626953]",original_place,
dd19cac2-6662-480d-82bb-f25f0bbb499b,The Oak and the Ivy,5759 Sooke Rd,48.390743059238,-123.67307424545,"[-123.67308807373047, 48.3907356262207, -123.6730728149414, 48.390743255615234]",,,"[-123.67308807373047, 48.3907356262207, -123.6730728149414, 48.390743255615234]",original_place,
092fbbe1-2376-424c-8e8f-d5aed871d60e,Saseenos Creek,,48.39054,-123.67902,"[-123.67902374267578, 48.390533447265625, -123.67900848388672, 48.390541076660156]",,,"[-123.67902374267578, 48.390533447265625, -123.67900848388672, 48.390541076660156]",original_place,
6511be3b-8e07-48c0-8ac2-0a1a21944174,U-Haul Neighborhood Dealer,6228 Sooke Rd,48.389717175280225,-123.67903853522937,"[-123.67903900146484, 48.38971710205078, -123.67902374267578, 48.38972473144531]",07efcecc-c32e-4a12-8503-e77c75f996d5,"[-123.67910766601562, 48.38966369628906, -123.67889404296875, 48.389835357666016]","[-123.67910766601562, 48.38966369628906, -123.67889404296875, 48.389835357666016]",building,
6aea674e-2c03-4114-83ec-903be66ed54a,Kaffeewagen Cafe The Wagen,5871 Sooke Rd,48.38999917,-123.67878046,"[-123.67879486083984, 48.389991760253906, -123.67877960205078, 48.38999938964844]",,,"[-123.67879486083984, 48.389991760253906, -123.67877960205078, 48.38999938964844]",original_place,
aa54104d-ae27-45ef-ad5a-bdb55622f5f9,Seek & Surf,5871 Sooke Rd,48.38999696,-123.67878426,"[-123.67878723144531, 48.38999557495117, -123.67877197265625, 48.3900032043457]",,,"[-123.67878723144531, 48.38999557495117, -123.67877197265625, 48.3900032043457]",original_place,
59d2eb2c-52de-49b9-a1a6-1b3f0eeaffaf,Sooke Oceanside Brewery,5871-A Sooke Rd,48.38994249,-123.67850427,"[-123.67850494384766, 48.38994216918945, -123.6784896850586, 48.389949798583984]",,,"[-123.67850494384766, 48.38994216918945, -123.6784896850586, 48.389949798583984]",original_place,
0c907d94-927b-476e-84ea-71a0ca5cb62f,The Bike Shack,5871 Sooke Rd,48.38987488,-123.67860452,"[-123.67861938476562, 48.38987350463867, -123.67860412597656, 48.3898811340332]",3b1ebe9a-67f8-4c8a-bf70-ec9d2e96066a,"[-123.67880249023438, 48.38974380493164, -123.67853546142578, 48.38994598388672]","[-123.67880249023438, 48.38974380493164, -123.67853546142578, 48.38994598388672]",building,
17abb591-7099-4fe1-9636-59f0e473963c,Grilled To The Mac,5871 Sooke Rd,48.3898629,-123.67858831,"[-123.6785888671875, 48.389862060546875, -123.67857360839844, 48.389869689941406]",3b1ebe9a-67f8-4c8a-bf70-ec9d2e96066a,"[-123.67880249023438, 48.38974380493164, -123.67853546142578, 48.38994598388672]","[-123.67880249023438, 48.38974380493164, -123.67853546142578, 48.38994598388672]",building,
4c7ff846-6eec-4131-959a-87dcaae7e81a,Blythwood Bed and Breakfast,5917 Blythwood Rd,48.39078823,-123.68162339,"[-123.68162536621094, 48.39078140258789, -123.68161010742188, 48.39078903198242]",,,"[-123.68162536621094, 48.39078140258789, -123.68161010742188, 48.39078903198242]",original_place,
d059a0c1-4d18-4aea-af2d-3e060fcba3d0,Lannon Creek,,48.39194736,-123.68374391,"[-123.68374633789062, 48.39194107055664, -123.68373107910156, 48.39194869995117]",,,"[-123.68374633789062, 48.39194107055664, -123.68373107910156, 48.39194869995117]",original_place,
0ab0e3cb-51f1-4dff-8219-e9edcdb7a55c,Ayum Creek,,48.39977871,-123.6700825,"[-123.67009735107422, 48.39977264404297, -123.67008209228516, 48.3997802734375]",,,"[-123.67009735107422, 48.39977264404297, -123.67008209228516, 48.3997802734375]",original_place,
a2b3dbe3-443f-49c1-9bb4-b5fcc10b5cc5,Island ICF Foundation Supplies Inc.,5672 Wisterwood Way,48.39592,-123.67276,"[-123.67276000976562, 48.39591979980469, -123.67274475097656, 48.39592742919922]",,,"[-123.67276000976562, 48.39591979980469, -123.67274475097656, 48.39592742919922]",original_place,
23c8838e-488a-4979-bbf6-326bf83dd3ff,Harbourview Park,,48.397624144766,-123.66556898334,"[-123.66558074951172, 48.39761734008789, -123.66556549072266, 48.39762496948242]",,,"[-123.66558074951172, 48.39761734008789, -123.66556549072266, 48.39762496948242]",original_place,
bf55bc4c-9e6b-4c18-887f-0b9463c98b5b,Peace in Presence,2131 Allman Pl,48.40006,-123.65633,"[-123.65634155273438, 48.40005874633789, -123.65632629394531, 48.40006637573242]",,,"[-123.65634155273438, 48.40005874633789, -123.65632629394531, 48.40006637573242]",original_place,
2b5800ef-de88-4fc8-8679-6b71f496cbc3,JD's Sunshine Jams and Such,2456 Sooke River Rd,48.39911739,-123.69862546,"[-123.69863891601562, 48.39911651611328, -123.69862365722656, 48.39912414550781]",,,"[-123.69863891601562, 48.39911651611328, -123.69862365722656, 48.39912414550781]",original_place,
42e19d9e-d2f3-4038-bead-21151e30f9f3,Owls Perch Treehouse,2519 Brule Dr,48.40190045,-123.69549889,"[-123.69551086425781, 48.401893615722656, -123.69549560546875, 48.40190124511719]",ec95af18-50da-435c-980b-5fcfd662bf67,"[-123.6956787109375, 48.40181350708008, -123.6954345703125, 48.40195083618164]","[-123.6956787109375, 48.40181350708008, -123.6954345703125, 48.40195083618164]",building,
a9169fd3-f170-45bb-9d92-13b9a14dd722,Kenco Motorcycle,2575 Sooke River Rd,48.40317217,-123.69898326,"[-123.6989974975586, 48.40317153930664, -123.69898223876953, 48.40317916870117]",,,"[-123.6989974975586, 48.40317153930664, -123.69898223876953, 48.40317916870117]",original_place,
68861a6e-167d-4fa6-aafc-51933c162071,Highway 14 Towing & Recovery,2374 Sooke River Rd,48.39531044,-123.70052896,"[-123.70053100585938, 48.39530944824219, -123.70051574707031, 48.39531707763672]",188d7d3f-a777-4fdb-abaa-43124b270feb,"[-123.70065307617188, 48.39522171020508, -123.70042419433594, 48.395389556884766]","[-123.70065307617188, 48.39522171020508, -123.70042419433594, 48.395389556884766]",building,
cca06d66-79e6-4dc1-8f98-c5cfc105b12f,JD's Sunshine Jams and Such,2456 Sooke River Rd,48.39555112230038,-123.70347553250222,"[-123.70347595214844, 48.39554977416992, -123.70346069335938, 48.39555740356445]",ea964d4e-777c-4c94-948c-b44778c6f20d,"[-123.70356750488281, 48.39549255371094, -123.703369140625, 48.3956184387207]","[-123.70356750488281, 48.39549255371094, -123.703369140625, 48.3956184387207]",building,
86651c9e-6b84-469b-919b-413d65875941,Jack's Firewood,2380 Phillips Rd,48.3967725,-123.7106198,"[-123.71063232421875, 48.396766662597656, -123.71061706542969, 48.39677429199219]",,,"[-123.71063232421875, 48.396766662597656, -123.71061706542969, 48.39677429199219]",original_place,
bd15464a-7ba1-44da-9be2-4016ccd08e3c,Cast Iron Farm Co,2385 Phillips Rd,48.39640865,-123.71010371,"[-123.7101058959961, 48.39640808105469, -123.71009063720703, 48.39641571044922]",,,"[-123.7101058959961, 48.39640808105469, -123.71009063720703, 48.39641571044922]",original_place,
50fae5dc-dbe6-412e-91b0-91b0607d3ca5,Sunriver Heritage and Demonstration Orchard,2380 Phillips Rd.,48.3972109,-123.7109861,"[-123.71099853515625, 48.39720916748047, -123.71098327636719, 48.397216796875]",,,"[-123.71099853515625, 48.39720916748047, -123.71098327636719, 48.397216796875]",original_place,
d05d781b-9094-4e4a-9e10-3ce45c88d984,Longmeadow Farm,2727 Phillips Rd,48.40547457,-123.71240848,"[-123.71240997314453, 48.40546798706055, -123.71239471435547, 48.40547561645508]",,,"[-123.71240997314453, 48.40546798706055, -123.71239471435547, 48.40547561645508]",original_place,
882564f3-c9db-494d-8743-24038c4a18be,MoonFlower Gardens,2858 Phillips Rd,48.40641,-123.71348,"[-123.71349334716797, 48.406402587890625, -123.7134780883789, 48.406410217285156]",,,"[-123.71349334716797, 48.406402587890625, -123.7134780883789, 48.406410217285156]",original_place,
8482acfa-085b-48f9-9f7d-8322e63e88e7,Nolan Riding,2936 Amy Rd,48.4116312,-123.717271,"[-123.71728515625, 48.411624908447266, -123.71726989746094, 48.4116325378418]",,,"[-123.71728515625, 48.411624908447266, -123.71726989746094, 48.4116325378418]",original_place,
1622f6f1-1066-4a2d-b192-2b839b0f7624,DG Drywall & Renovations,3042 Phillips Rd,48.40984848154597,-123.71556364294507,"[-123.715576171875, 48.409847259521484, -123.71556091308594, 48.409854888916016]",,,"[-123.715576171875, 48.409847259521484, -123.71556091308594, 48.409854888916016]",original_place,
02e23a68-2876-4171-99d5-8638f405fa71,Otter Point Motorsports,Otter Point Rd,48.39638930000001,-123.7416619,"[-123.7416763305664, 48.39638900756836, -123.74166107177734, 48.39639663696289]",,,"[-123.7416763305664, 48.39638900756836, -123.74166107177734, 48.39639663696289]",original_place,
37ab97fa-484a-4b1a-8bdd-fba04667272f,breakwaterphotography,2508 Westview Terrace,48.39968808,-123.72230119,"[-123.7223129272461, 48.399681091308594, -123.72229766845703, 48.399688720703125]",,,"[-123.7223129272461, 48.399681091308594, -123.72229766845703, 48.399688720703125]",original_place,
73b28e85-c390-4a80-804d-25a8fdf2248d,Bigfoot Contracting Limited,6493 Riverstone Dr,48.3979564,-123.72108442,"[-123.72108459472656, 48.39794921875, -123.7210693359375, 48.39795684814453]",fc125be0-41d3-4dba-a4b3-f2e5071fbbc9,"[-123.72123718261719, 48.39785385131836, -123.72098541259766, 48.398014068603516]","[-123.72123718261719, 48.39785385131836, -123.72098541259766, 48.398014068603516]",building,
0a8d39d1-af19-4004-995e-293437320af0,Loft Medi Spa,2487 Anthony Pl,48.3979662,-123.7187889,"[-123.71880340576172, 48.39796447753906, -123.71878814697266, 48.397972106933594]",,,"[-123.71880340576172, 48.39796447753906, -123.71878814697266, 48.397972106933594]",original_place,
d2e8f8b8-7155-41f7-9496-0349bcb54737,Swan Lake Saanich Victoria Bc,Stanley Ave,48.3971379091015,-123.72242390896864,"[-123.72242736816406, 48.39713668823242, -123.722412109375, 48.39714431762695]",,,"[-123.72242736816406, 48.39713668823242, -123.722412109375, 48.39714431762695]",original_place,
ec0cb584-f5a7-4bb9-aca7-d63d035037b0,"Whiffin Spit, Sooke",,48.3970056088609,-123.72241015949226,"[-123.722412109375, 48.39699935913086, -123.72239685058594, 48.39700698852539]",0780a1df-97a0-4818-bbf4-61944458dc7e,"[-123.7225570678711, 48.39685821533203, -123.72224426269531, 48.39704895019531]","[-123.7225570678711, 48.39685821533203, -123.72224426269531, 48.39704895019531]",building,
32d12195-3078-4194-8930-507f0c391ec3,Shop Right Advertising & Printing,2405 Sun River Way,48.395406535946485,-123.71665678224129,"[-123.71665954589844, 48.39540481567383, -123.71664428710938, 48.39541244506836]",42f8ebf2-7c14-4ac2-8a7c-d1dd2f44b2db,"[-123.71678924560547, 48.395301818847656, -123.71649932861328, 48.395511627197266]","[-123.71678924560547, 48.395301818847656, -123.71649932861328, 48.395511627197266]",building,
628c4624-b375-40b8-bd6e-1bd91aa9cfec,WestCoast Equine Care,6206 Calvert Rd,48.3899165,-123.7242251,"[-123.72422790527344, 48.389915466308594, -123.72421264648438, 48.389923095703125]",,,"[-123.72422790527344, 48.389915466308594, -123.72421264648438, 48.389923095703125]",original_place,
e47cb560-7797-40b8-aabe-bdf12f5dadfa,Mijo Taekwondo,,48.3898392,-123.7241516,"[-123.72415161132812, 48.38983917236328, -123.72413635253906, 48.38984680175781]",f29632db-4f66-41a3-953d-fe9b67bc52a6,"[-123.7242660522461, 48.38972854614258, -123.72406005859375, 48.389869689941406]","[-123.7242660522461, 48.38972854614258, -123.72406005859375, 48.389869689941406]",building,
c6b0ad40-882e-4ea7-ac27-8f8c9273d512,Homeyland Childcare,2365 Church Rd,48.38874512,-123.72486402,"[-123.7248764038086, 48.38874435424805, -123.72486114501953, 48.38875198364258]",,,"[-123.7248764038086, 48.38874435424805, -123.72486114501953, 48.38875198364258]",original_place,
c74fb1e7-62a4-4d67-bb8a-1b7dbd150bb7,RR Roof Rider Ltd,2372 Church Rd,48.3889663,-123.72537011,"[-123.72537231445312, 48.38896560668945, -123.72535705566406, 48.388973236083984]",,,"[-123.72537231445312, 48.38896560668945, -123.72535705566406, 48.388973236083984]",original_place,
6c5921c4-d11c-4862-9449-b820a5bf54a4,At My Place Family Salon,6662 Eakin Dr,48.3872671,-123.7279596,"[-123.72797393798828, 48.38726043701172, -123.72795867919922, 48.38726806640625]",,,"[-123.72797393798828, 48.38726043701172, -123.72795867919922, 48.38726806640625]",original_place,
989ea580-5d48-4872-be0d-b744c38d594f,Grand Trunk Inn,2351 Church Rd,48.388312850773,-123.72463116103,"[-123.7246322631836, 48.3883056640625, -123.72461700439453, 48.38831329345703]",,,"[-123.7246322631836, 48.3883056640625, -123.72461700439453, 48.38831329345703]",original_place,
ad966141-9acb-49c1-b57d-46e820c456e2,Woodland Creek,2325 Church Hill Dr,48.38678648,-123.7238008,"[-123.72381591796875, 48.38677978515625, -123.72380065917969, 48.38678741455078]",,,"[-123.72381591796875, 48.38677978515625, -123.72380065917969, 48.38678741455078]",original_place,
b54cde96-6302-4c70-a594-ead829534691,Terry Langridge Complete Financial Services,6577 Noblewood Pl.,48.3870403,-123.72130033,"[-123.7213134765625, 48.38703918457031, -123.72129821777344, 48.387046813964844]",,,"[-123.7213134765625, 48.38703918457031, -123.72129821777344, 48.387046813964844]",original_place,
8533a650-549b-4983-8ac9-b5d4af069229,Riverstone Counselling,6532 Callumwood Ln,48.38886348,-123.72110883,"[-123.72112274169922, 48.38886260986328, -123.72110748291016, 48.38887023925781]",d24c264f-a5a3-4dba-8740-0b8300615ca7,"[-123.7211685180664, 48.388790130615234, -123.72095489501953, 48.38894271850586]","[-123.7211685180664, 48.388790130615234, -123.72095489501953, 48.38894271850586]",building,
fe8e2644-a39a-440e-b102-ddd2be4d0c7d,Ecole Poirier Elementary School,6526 Throup Rd,48.39053436,-123.71910724,"[-123.71910858154297, 48.390533447265625, -123.7190933227539, 48.390541076660156]",56e64fd4-1c38-4e57-8ac9-ccb304dd5ebb,"[-123.71942901611328, 48.39039993286133, -123.71823120117188, 48.391082763671875]","[-123.71942901611328, 48.39039993286133, -123.71823120117188, 48.391082763671875]",building,
e26056f6-493b-444f-9b10-dcc194e80e6f,Journey Middle School,6522 Throup Rd,48.3876218,-123.71705806,"[-123.71707153320312, 48.38761520385742, -123.71705627441406, 48.38762283325195]",788cdd57-200b-4656-81cc-5812452a0097,"[-123.71774291992188, 48.38735580444336, -123.71617889404297, 48.387996673583984]","[-123.71774291992188, 48.38735580444336, -123.71617889404297, 48.387996673583984]",building,
1d21017b-1048-4d5f-99e7-320baf179f8a,DeMamiel Creek Golf Course,6518 Throup Rd,48.3860072,-123.7149015,"[-123.71490478515625, 48.38600540161133, -123.71488952636719, 48.38601303100586]",,,"[-123.71490478515625, 48.38600540161133, -123.71488952636719, 48.38601303100586]",original_place,
f12f08cb-8d17-45db-92bd-c05aa673fc94,Sooke School District,6522 Throup Rd,48.385434,-123.716395,"[-123.7164077758789, 48.385433197021484, -123.71639251708984, 48.385440826416016]",,,"[-123.7164077758789, 48.385433197021484, -123.71639251708984, 48.385440826416016]",original_place,
ec3e734d-8a78-43f9-9a75-98afbbd02582,Ecole Poirier,6526 Throup Rd,48.385434,-123.716395,"[-123.7164077758789, 48.385433197021484, -123.71639251708984, 48.385440826416016]",,,"[-123.7164077758789, 48.385433197021484, -123.71639251708984, 48.385440826416016]",original_place,
06969607-d18a-455d-8be2-025f00dbfed7,Sooke Skate Park,6520 Throup Rd,48.38579409,-123.71570503,"[-123.71570587158203, 48.38578796386719, -123.71569061279297, 48.38579559326172]",,,"[-123.71570587158203, 48.38578796386719, -123.71569061279297, 48.38579559326172]",original_place,
ab766651-329c-401b-921b-81a24e472815,Art Morris Park,6521 Throup Rd,48.38511779,-123.71613719,"[-123.71614074707031, 48.38511657714844, -123.71612548828125, 48.38512420654297]",,,"[-123.71614074707031, 48.38511657714844, -123.71612548828125, 48.38512420654297]",original_place,
bf3b0a60-3441-4ab2-b263-7c74cf2a154e,Sooke Minor Fastball,6521 Throup Rd,48.38514331,-123.71620324,"[-123.71621704101562, 48.3851432800293, -123.71620178222656, 48.38515090942383]",,,"[-123.71621704101562, 48.3851432800293, -123.71620178222656, 48.38515090942383]",original_place,
f960e4d7-7162-4e51-80f1-9e6731f2c289,Amys Bunny Retreat and Spa,6570 Steeple Chase,48.38535721,-123.71910462,"[-123.7191162109375, 48.38535690307617, -123.71910095214844, 48.3853645324707]",95d68f2f-3bed-4ae3-96d9-46f026757320,"[-123.71924591064453, 48.38530349731445, -123.71903228759766, 48.38546371459961]","[-123.71924591064453, 48.38530349731445, -123.71903228759766, 48.38546371459961]",building,
6edc061c-7235-4ccc-ae05-d84855170fa1,Riptide Plumbing,6735 Steeple Chase,48.38597072,-123.71957553,"[-123.71958923339844, 48.385963439941406, -123.71957397460938, 48.38597106933594]",4d979d44-19f9-4c7e-a308-8c32e4806c60,"[-123.71969604492188, 48.38589096069336, -123.71951293945312, 48.38605880737305]","[-123.71969604492188, 48.38589096069336, -123.71951293945312, 48.38605880737305]",building,
65d2705e-0b1b-491f-9ebd-0d01cef6673b,SP Pump and Tanks Ltd,6435 Sooke Rd,48.38454363651649,-123.72063176522593,"[-123.72063446044922, 48.38453674316406, -123.72061920166016, 48.384544372558594]",2db35feb-fc29-4a2e-8be4-acf896ba4fa7,"[-123.72071075439453, 48.38450622558594, -123.72035217285156, 48.38478469848633]","[-123.72071075439453, 48.38450622558594, -123.72035217285156, 48.38478469848633]",building,
f80c69d5-9a45-4503-aca4-1973461a115a,Our Montessori Life,6579 Throup Rd,48.3845259,-123.7187313,"[-123.71873474121094, 48.384525299072266, -123.71871948242188, 48.3845329284668]",b25c233a-e6ed-4d1c-adb7-7ad9fbd7fe4f,"[-123.71875762939453, 48.38444900512695, -123.71851348876953, 48.38458251953125]","[-123.71875762939453, 48.38444900512695, -123.71851348876953, 48.38458251953125]",building,
528a3cc1-aad5-425a-acba-82df8f219226,Tiger Lily Childcare,6579 Throup Rd,48.38406,-123.72049,"[-123.72050476074219, 48.38405990600586, -123.72048950195312, 48.38406753540039]",,,"[-123.72050476074219, 48.38405990600586, -123.72048950195312, 48.38406753540039]",original_place,
63d90612-52e8-4bf4-bc87-68a32b4349e1,Sooke Arts Council,2043 Church Rd,48.3799288,-123.7185868,"[-123.71858978271484, 48.37992858886719, -123.71857452392578, 48.37993621826172]",,,"[-123.71858978271484, 48.37992858886719, -123.71857452392578, 48.37993621826172]",original_place,
ca4e2693-39ee-4417-a9f7-cdedfbcc889d,Amethyst Hair Studio,6545 Sooke Rd,48.38008719,-123.71511458,"[-123.71512603759766, 48.38008117675781, -123.7151107788086, 48.380088806152344]",,,"[-123.71512603759766, 48.38008117675781, -123.7151107788086, 48.380088806152344]",original_place,
c6551306-1ae1-4d56-810e-dcb7f4f5a559,Sooke Elementary,6560 Sooke Rd,48.38019368,-123.7156513,"[-123.71565246582031, 48.380191802978516, -123.71563720703125, 48.38019943237305]",,,"[-123.71565246582031, 48.380191802978516, -123.71563720703125, 48.38019943237305]",original_place,
f82b93b8-9f7d-4d1e-b533-af1eb685cba2,Bella Vista Upholstery,6562 Lanark Rd,48.3794022,-123.7159853,"[-123.71598815917969, 48.37940216064453, -123.71597290039062, 48.37940979003906]",,,"[-123.71598815917969, 48.37940216064453, -123.71597290039062, 48.37940979003906]",original_place,
709febcb-a35e-46f6-85e8-c1d866949755,Sooke Landing Marina,6585 Goodmere Rd,48.37778817,-123.71660004,"[-123.71661376953125, 48.37778091430664, -123.71659851074219, 48.37778854370117]",,,"[-123.71661376953125, 48.37778091430664, -123.71659851074219, 48.37778854370117]",original_place,
10325c4a-8065-4859-b514-38abca863b90,Mariners Village,6585 Sooke Rd,48.37806104,-123.71690641,"[-123.7169189453125, 48.37805938720703, -123.71690368652344, 48.37806701660156]",,,"[-123.7169189453125, 48.37805938720703, -123.71690368652344, 48.37806701660156]",original_place,
69f2fb83-62fd-4d59-abb2-a4f641a0c59a,Chevron,6610 Sooke Rd,48.37888673,-123.71851742,"[-123.71852111816406, 48.37887954711914, -123.718505859375, 48.37888717651367]",,,"[-123.71852111816406, 48.37887954711914, -123.718505859375, 48.37888717651367]",original_place,
943dc879-bef7-4948-b3ff-cfa9280b8fa0,Shadow West Security,6596 Sooke Rd,48.37923122,-123.71820268,"[-123.71821594238281, 48.37923049926758, -123.71820068359375, 48.37923812866211]",20b92994-7067-423f-84e7-630c1cb55b72,"[-123.7183609008789, 48.37917709350586, -123.71792602539062, 48.37940216064453]","[-123.7183609008789, 48.37917709350586, -123.71792602539062, 48.37940216064453]",building,
ecea7403-0afd-4c2a-9595-f0901d472de7,Gadget Tree Tech Services,6596 Sooke Rd #101,48.37914532,-123.71806792,"[-123.71807098388672, 48.3791389465332, -123.71805572509766, 48.379146575927734]",,,"[-123.71807098388672, 48.3791389465332, -123.71805572509766, 48.379146575927734]",original_place,
ed8c5e7b-d291-4eca-9ce6-6b01e6bc30dd,SP Pump and Tanks,6580 Sooke Rd,48.37949576,-123.71737289,"[-123.7173843383789, 48.37948989868164, -123.71736907958984, 48.37949752807617]",,,"[-123.7173843383789, 48.37948989868164, -123.71736907958984, 48.37949752807617]",original_place,
9971f9a1-f037-47eb-ac58-1b03cc651235,West Coast Clinic,6580 Sooke Rd,48.379541,-123.717221,"[-123.71722412109375, 48.379539489746094, -123.71720886230469, 48.379547119140625]",,,"[-123.71722412109375, 48.379539489746094, -123.71720886230469, 48.379547119140625]",original_place,
9e4c1799-a524-4ebd-9f49-54a992c472d1,Dr. Chris Bryant Inc.,6588 Sooke Rd,48.37937893,-123.71765066,"[-123.7176513671875, 48.379371643066406, -123.71763610839844, 48.37937927246094]",,,"[-123.7176513671875, 48.379371643066406, -123.71763610839844, 48.37937927246094]",original_place,
817fc34c-411d-4362-8611-9ce579a2e6fb,Sooke Shukokai Karate,6596 Sooke Rd #103,48.37925351,-123.71803192,"[-123.71803283691406, 48.37925338745117, -123.718017578125, 48.3792610168457]",20b92994-7067-423f-84e7-630c1cb55b72,"[-123.7183609008789, 48.37917709350586, -123.71792602539062, 48.37940216064453]","[-123.7183609008789, 48.37917709350586, -123.71792602539062, 48.37940216064453]",building,
e92cc78b-1ed6-42fb-a3d5-4f13ce368168,Well Read Books - The Next Chapter,6596 Sooke Rd #104,48.37931437,-123.71808086,"[-123.71809387207031, 48.37930679321289, -123.71807861328125, 48.37931442260742]",20b92994-7067-423f-84e7-630c1cb55b72,"[-123.7183609008789, 48.37917709350586, -123.71792602539062, 48.37940216064453]","[-123.7183609008789, 48.37917709350586, -123.71792602539062, 48.37940216064453]",building,
389e348b-2c27-4b5a-976b-186bd0422610,Bristle and Brush Hair Studio,6596 Sooke Rd #106,48.37931847,-123.71801421,"[-123.718017578125, 48.37931823730469, -123.71800231933594, 48.37932586669922]",20b92994-7067-423f-84e7-630c1cb55b72,"[-123.7183609008789, 48.37917709350586, -123.71792602539062, 48.37940216064453]","[-123.7183609008789, 48.37917709350586, -123.71792602539062, 48.37940216064453]",building,
3d7a571b-1111-42a5-be2f-5e612ccca7d6,red light studios,2043 Church Rd,48.37952824,-123.71835875,"[-123.7183609008789, 48.3795280456543, -123.71834564208984, 48.37953567504883]",cd045730-9bbf-4d41-9b8e-dbad40232442,"[-123.7184066772461, 48.379493713378906, -123.71823120117188, 48.37958908081055]","[-123.7184066772461, 48.379493713378906, -123.71823120117188, 48.37958908081055]",building,
8a5d2f08-ca59-4a45-b456-60115cf8fe16,SFRS Thrift Store,2065 Anna Marie Rd,48.37970342,-123.72000083,"[-123.72000122070312, 48.379695892333984, -123.71998596191406, 48.379703521728516]",,,"[-123.72000122070312, 48.379695892333984, -123.71998596191406, 48.379703521728516]",original_place,
1b342867-f7ff-4436-91a5-eebdb579ea52,VI Regional Library Sooke,6671 Wadams Way,48.3797275,-123.7200461,"[-123.72004699707031, 48.37972640991211, -123.72003173828125, 48.37973403930664]",,,"[-123.72004699707031, 48.37972640991211, -123.72003173828125, 48.37973403930664]",original_place,
d034b4ce-ef18-4c92-bd5d-91a980594788,Sooke Home Hardware Building Centre,6626 Sooke Rd,48.37909167,-123.72005179,"[-123.72005462646484, 48.379085540771484, -123.72003936767578, 48.379093170166016]",9192bf5a-4e33-4a7e-a539-a2d1b1aabe11,"[-123.72044372558594, 48.37889862060547, -123.71965026855469, 48.37938690185547]","[-123.72044372558594, 48.37889862060547, -123.71965026855469, 48.37938690185547]",building,
25e91c2c-6e00-46f8-b4c6-c1df3dab98de,On The Run - Convenience Store,6610 Sooke Rd,48.378984,-123.718766,"[-123.71878051757812, 48.37898254394531, -123.71876525878906, 48.378990173339844]",f6364ef0-b163-46c9-b7db-2743e523af75,"[-123.71894836425781, 48.37894058227539, -123.71854400634766, 48.37910079956055]","[-123.71894836425781, 48.37894058227539, -123.71854400634766, 48.37910079956055]",building,
017cd604-a0de-41d3-ba92-25c73ae966b5,Sasquatch Heat Pumps,C-6625 Sooke Road,48.3786583,-123.7192887,"[-123.71929168701172, 48.378658294677734, -123.71927642822266, 48.378665924072266]",,,"[-123.71929168701172, 48.378658294677734, -123.71927642822266, 48.378665924072266]",original_place,
1e350c3a-0994-4d94-a04f-7ef85885c37f,Sooke Fitness,6625 Sooke Rd,48.3784955,-123.71932931,"[-123.71932983398438, 48.37849426269531, -123.71931457519531, 48.378501892089844]",fc337a50-071a-4515-a531-96983b946181,"[-123.71943664550781, 48.378211975097656, -123.71903228759766, 48.378543853759766]","[-123.71943664550781, 48.378211975097656, -123.71903228759766, 48.378543853759766]",building,
e0909c23-3984-4b41-a7e8-8d5508dd9845,EnerTech Solutions Ltd - Energy Consultant,6631 2A Sooke Rd,48.3784288,-123.7191583,"[-123.71916198730469, 48.378421783447266, -123.71914672851562, 48.3784294128418]",fc337a50-071a-4515-a531-96983b946181,"[-123.71943664550781, 48.378211975097656, -123.71903228759766, 48.378543853759766]","[-123.71943664550781, 48.378211975097656, -123.71903228759766, 48.378543853759766]",building,
f2f87612-b3ac-4bc8-8d84-cff3ce609f7c,Under The Seat Plumbing,6625 Sooke Rd Unit D,48.37837439,-123.71932262,"[-123.7193374633789, 48.37836837768555, -123.71932220458984, 48.37837600708008]",fc337a50-071a-4515-a531-96983b946181,"[-123.71943664550781, 48.378211975097656, -123.71903228759766, 48.378543853759766]","[-123.71943664550781, 48.378211975097656, -123.71903228759766, 48.378543853759766]",building,
1308980a-e311-41db-8514-6bf35dc76068,Cantrelle’s Southern Roots,6631 Sooke Rd,48.3781915,-123.71981453,"[-123.71981811523438, 48.3781852722168, -123.71980285644531, 48.37819290161133]",15524f46-3f42-46e2-8c63-5b9dd6b04f66,"[-123.72016143798828, 48.37812042236328, -123.71974182128906, 48.37849426269531]","[-123.72016143798828, 48.37812042236328, -123.71974182128906, 48.37849426269531]",building,
1c6b1880-2fb1-426a-827c-1bf78c1dfe2d,Reliance Signature Services,6631 Sooke Rd,48.37841005,-123.71982036,"[-123.71983337402344, 48.37840270996094, -123.71981811523438, 48.37841033935547]",15524f46-3f42-46e2-8c63-5b9dd6b04f66,"[-123.72016143798828, 48.37812042236328, -123.71974182128906, 48.37849426269531]","[-123.72016143798828, 48.37812042236328, -123.71974182128906, 48.37849426269531]",building,
3b26688a-49c1-418e-8f50-63e02e050e5e,Sooke News Mirror,6631 Sooke Rd,48.37841282,-123.71983434,"[-123.7198486328125, 48.3784065246582, -123.71983337402344, 48.378414154052734]",15524f46-3f42-46e2-8c63-5b9dd6b04f66,"[-123.72016143798828, 48.37812042236328, -123.71974182128906, 48.37849426269531]","[-123.72016143798828, 48.37812042236328, -123.71974182128906, 48.37849426269531]",building,
98394be6-dfd4-480f-8c5a-fef074091083,Lazy Gecko The,6631 Sooke Rd #5,48.3783967,-123.71986574,"[-123.71987915039062, 48.378395080566406, -123.71986389160156, 48.37840270996094]",15524f46-3f42-46e2-8c63-5b9dd6b04f66,"[-123.72016143798828, 48.37812042236328, -123.71974182128906, 48.37849426269531]","[-123.72016143798828, 48.37812042236328, -123.71974182128906, 48.37849426269531]",building,
c6ffc5f5-3b1a-4d3e-a276-e8bdd70ae73b,Rustic Roots Hair Studio,6631 Sooke Rd,48.378352,-123.719832,"[-123.71983337402344, 48.37834548950195, -123.71981811523438, 48.378353118896484]",15524f46-3f42-46e2-8c63-5b9dd6b04f66,"[-123.72016143798828, 48.37812042236328, -123.71974182128906, 48.37849426269531]","[-123.72016143798828, 48.37812042236328, -123.71974182128906, 48.37849426269531]",building,
4c87cb9d-da98-4fe3-b8ad-082584e560cd,Sooke Yarn & Fibre,6631 Sooke Rd #3,48.3784599,-123.71995184,"[-123.71995544433594, 48.37845230102539, -123.71994018554688, 48.37845993041992]",15524f46-3f42-46e2-8c63-5b9dd6b04f66,"[-123.72016143798828, 48.37812042236328, -123.71974182128906, 48.37849426269531]","[-123.72016143798828, 48.37812042236328, -123.71974182128906, 48.37849426269531]",building,
bc721dbd-f7bd-4da8-9d9e-96511749cd19,Sooke Region Chamber of Commerce,6631 Sooke Rd #1a,48.37852208,-123.72003852,"[-123.72003936767578, 48.37852096557617, -123.72002410888672, 48.3785285949707]",,,"[-123.72003936767578, 48.37852096557617, -123.72002410888672, 48.3785285949707]",original_place,
11e64b2c-4187-4d90-b103-2379f6934da6,Melo hair salon,6631 Sooke Rd,48.3785051,-123.7199575,"[-123.719970703125, 48.37849807739258, -123.71995544433594, 48.37850570678711]",,,"[-123.719970703125, 48.37849807739258, -123.71995544433594, 48.37850570678711]",original_place,
22553e4a-df29-4c9d-8220-911584d8c05d,Greenaway Realty Ltd,2 6631 Sooke Rd,48.37850824,-123.71986854,"[-123.7198715209961, 48.378501892089844, -123.71985626220703, 48.378509521484375]",,,"[-123.7198715209961, 48.378501892089844, -123.71985626220703, 48.378509521484375]",original_place,
1af031ef-41e9-4f22-a639-71d95822f8ad,Sasquatch Home Services,#2C-6631 Sooke Rd,48.3786097,-123.7199786,"[-123.7199935913086, 48.37860870361328, -123.71997833251953, 48.37861633300781]",,,"[-123.7199935913086, 48.37860870361328, -123.71997833251953, 48.37861633300781]",original_place,
67685c08-8cc9-41c6-a0ab-86f43b7f0dda,NexGen Hearing- Sooke,2A-6631 Sooke Road,48.3786097,-123.7199786,"[-123.7199935913086, 48.37860870361328, -123.71997833251953, 48.37861633300781]",,,"[-123.7199935913086, 48.37860870361328, -123.71997833251953, 48.37861633300781]",original_place,
b0b270b4-fd22-46a7-aa91-144fb8b2fa82,RBC Royal Bank,6639 Sooke Rd,48.37846359,-123.72040643,"[-123.72042083740234, 48.378456115722656, -123.72040557861328, 48.37846374511719]",,,"[-123.72042083740234, 48.378456115722656, -123.72040557861328, 48.37846374511719]",original_place,
3e83773f-a4fc-408c-9130-a76c47ae4a3b,Sea to Tree Health & Wellness Centre,6653 Sooke Rd,48.3785035,-123.7213514,"[-123.72135162353516, 48.378501892089844, -123.7213363647461, 48.378509521484375]",,,"[-123.72135162353516, 48.378501892089844, -123.7213363647461, 48.378509521484375]",original_place,
1468021d-0d31-4a8c-a464-3fb2508236d5,Westcoast Design & Development Services,6649 Sooke Rd #2,48.3783654,-123.72106418,"[-123.72107696533203, 48.37836456298828, -123.72106170654297, 48.37837219238281]",,,"[-123.72107696533203, 48.37836456298828, -123.72106170654297, 48.37837219238281]",original_place,
46726dce-c391-467b-83fd-66a260923821,Sooke Fax and Copy Centre,6649 Sooke Rd #1,48.37836886,-123.72103763,"[-123.72103881835938, 48.37836837768555, -123.72102355957031, 48.37837600708008]",,,"[-123.72103881835938, 48.37836837768555, -123.72102355957031, 48.37837600708008]",original_place,
151488a6-72a7-4995-9f22-ea27a8c58c51,Sooke Dance Studio,6653 Sooke Rd,48.37838368,-123.72128509,"[-123.72129821777344, 48.37838363647461, -123.72128295898438, 48.37839126586914]",,,"[-123.72129821777344, 48.37838363647461, -123.72128295898438, 48.37839126586914]",original_place,
c6ab54d0-524d-4217-a0f0-96725dc331f1,RDC Revolution Dance Collective ,6653 Sooke Rd,48.37837,-123.72124,"[-123.72125244140625, 48.37836837768555, -123.72123718261719, 48.37837600708008]",2329494d-14b3-4566-8f7e-deaee6bd6de0,"[-123.72135925292969, 48.3782844543457, -123.7211685180664, 48.37838363647461]","[-123.72135925292969, 48.3782844543457, -123.7211685180664, 48.37838363647461]",building,
52089b00-9437-4d02-9ed8-75ef812b76f4,Discovery Computers & Wireless,6660 Sooke Rd # 1160,48.37826103417594,-123.7210229753244,"[-123.72102355957031, 48.37825393676758, -123.72100830078125, 48.37826156616211]",23ac7f19-079b-4e40-ad56-ff6eb8707377,"[-123.72113037109375, 48.37814712524414, -123.72085571289062, 48.378299713134766]","[-123.72113037109375, 48.37814712524414, -123.72085571289062, 48.378299713134766]",building,
e491fbd3-9b6b-4680-80ab-20aba03a4d37,Moonstone Massage and Healing Arts,6649 Sooke Rd #3,48.37821881,-123.72093381,"[-123.720947265625, 48.378211975097656, -123.72093200683594, 48.37821960449219]",23ac7f19-079b-4e40-ad56-ff6eb8707377,"[-123.72113037109375, 48.37814712524414, -123.72085571289062, 48.378299713134766]","[-123.72113037109375, 48.37814712524414, -123.72085571289062, 48.378299713134766]",building,
48bc8738-20ce-4974-8968-5526a200cad8,Only Deals-Sooke,6660 Sooke Rd Suite 1420,48.37824038808365,-123.72094116488591,"[-123.72095489501953, 48.378238677978516, -123.72093963623047, 48.37824630737305]",23ac7f19-079b-4e40-ad56-ff6eb8707377,"[-123.72113037109375, 48.37814712524414, -123.72085571289062, 48.378299713134766]","[-123.72113037109375, 48.37814712524414, -123.72085571289062, 48.378299713134766]",building,
13fb94f6-911f-4dad-ace8-df857469f5d0,Irwin & Associates,#102-6661 Sooke Road,48.378022,-123.7211945,"[-123.72120666503906, 48.378021240234375, -123.72119140625, 48.378028869628906]",8a90b67b-54c4-4fb9-b976-513f657d08cc,"[-123.72122192382812, 48.377933502197266, -123.72097778320312, 48.37807846069336]","[-123.72122192382812, 48.377933502197266, -123.72097778320312, 48.37807846069336]",building,
adc6846b-8ab7-4aee-b96b-d0e9425da28f,Village Food Market,6661 Sooke Rd #103,48.37762284,-123.72177963,"[-123.72179412841797, 48.37761688232422, -123.7217788696289, 48.37762451171875]",823b5a38-79ce-44c8-89ad-b81319bbf9e7,"[-123.72245788574219, 48.37736511230469, -123.72119903564453, 48.37794494628906]","[-123.72245788574219, 48.37736511230469, -123.72119903564453, 48.37794494628906]",building,
e1b88e8b-c393-4ef6-b90b-f8996670ce1c,Serious Coffee Sooke,6661 Sooke Rd #104,48.37775425,-123.72213449,"[-123.72213745117188, 48.37775421142578, -123.72212219238281, 48.37776184082031]",,,"[-123.72213745117188, 48.37775421142578, -123.72212219238281, 48.37776184082031]",original_place,
9183314e-7ea1-49b6-8474-d2293c3eed95,Cape Links and Coils Sausage Co.,6715 Eustace Rd,48.377768278923085,-123.72198902130769,"[-123.72199249267578, 48.37776184082031, -123.72197723388672, 48.377769470214844]",,,"[-123.72199249267578, 48.37776184082031, -123.72197723388672, 48.377769470214844]",original_place,
cd252e61-37e1-4fb5-a996-3c2b45778291,Hara Sushi,105-6661 Sooke Road,48.37772741957793,-123.72201397831299,"[-123.72201538085938, 48.37771987915039, -123.72200012207031, 48.37772750854492]",823b5a38-79ce-44c8-89ad-b81319bbf9e7,"[-123.72245788574219, 48.37736511230469, -123.72119903564453, 48.37794494628906]","[-123.72245788574219, 48.37736511230469, -123.72119903564453, 48.37794494628906]",building,
a41edf0f-5bae-46f1-bcd3-447777fd056e,Coast Capital Savings Federal Credit Union,"6661 Sooke Road, Unit 101",48.3776,-123.722,"[-123.72200012207031, 48.377593994140625, -123.72198486328125, 48.377601623535156]",823b5a38-79ce-44c8-89ad-b81319bbf9e7,"[-123.72245788574219, 48.37736511230469, -123.72119903564453, 48.37794494628906]","[-123.72245788574219, 48.37736511230469, -123.72119903564453, 48.37794494628906]",building,
28afbbd4-9e7c-4e9a-89a5-d0969aaed84a,Sooke Laundromat,6661 Sooke Rd #107,48.37768609,-123.72237795,"[-123.72238159179688, 48.377685546875, -123.72236633300781, 48.37769317626953]",,,"[-123.72238159179688, 48.377685546875, -123.72236633300781, 48.37769317626953]",original_place,
0fbf0301-3c42-4422-afa4-fb8706eb8d44,Icbc,6661 Sooke Rd,48.378211,-123.722377,"[-123.7223892211914, 48.378204345703125, -123.72237396240234, 48.378211975097656]",,,"[-123.7223892211914, 48.378204345703125, -123.72237396240234, 48.378211975097656]",original_place,
b8b3a9a8-ae69-4e08-b353-62adf63f62be,BC Transit Bus Route 61 - Sooke/Langford/Downtown,,48.378361681072,-123.72208163169,"[-123.72208404541016, 48.378360748291016, -123.7220687866211, 48.37836837768555]",,,"[-123.72208404541016, 48.378360748291016, -123.7220687866211, 48.37836837768555]",original_place,
4b30cf6b-4a09-4ce1-90fd-7fa8d8785125,"Sooke, BC",6660 Sooke Road Unit 1806,48.37848,-123.7219,"[-123.7219009399414, 48.37847900390625, -123.72188568115234, 48.37848663330078]",,,"[-123.7219009399414, 48.37847900390625, -123.72188568115234, 48.37848663330078]",original_place,
2739650c-2abd-4ace-a114-658c0084b662,A&W,6660 Sooke Rd Unit 1806,48.37861228,-123.7218585,"[-123.72187042236328, 48.378604888916016, -123.72185516357422, 48.37861251831055]",,,"[-123.72187042236328, 48.378604888916016, -123.72185516357422, 48.37861251831055]",original_place,
fed51abd-262e-475f-8a60-40297405c0bc,Shoppers Drug Mart,6660 Sooke Rd,48.378976,-123.721705,"[-123.72171783447266, 48.37897491455078, -123.7217025756836, 48.37898254394531]",,,"[-123.72171783447266, 48.37897491455078, -123.7217025756836, 48.37898254394531]",original_place,
70852420-555a-41b9-8689-a23cc9cb3da7,Andy's Sooke Pizza,6660 Sooke Rd,48.3788,-123.72131,"[-123.7213134765625, 48.37879943847656, -123.72129821777344, 48.378807067871094]",,,"[-123.7213134765625, 48.37879943847656, -123.72129821777344, 48.378807067871094]",original_place,
0b67c2de-7b95-413e-84ea-4ac06f3a0846,H&R Block,6660 Sooke Rd Unit 2200,48.37887906,-123.72114016,"[-123.72115325927734, 48.37887191772461, -123.72113800048828, 48.37887954711914]",,,"[-123.72115325927734, 48.37887191772461, -123.72113800048828, 48.37887954711914]",original_place,
e05d9fc6-a157-4072-9c95-2ca56fefa163,Canada Post,Unit 4000 - 6660 Sooke Rd,48.3787039,-123.7209961,"[-123.72100830078125, 48.37869644165039, -123.72099304199219, 48.37870407104492]",,,"[-123.72100830078125, 48.37869644165039, -123.72099304199219, 48.37870407104492]",original_place,
62670a0b-86aa-4387-97f6-4252b8ab842d,Subway,"6660 Sooke Rd, Unit 1280",48.3787039,-123.7209961,"[-123.72100830078125, 48.37869644165039, -123.72099304199219, 48.37870407104492]",,,"[-123.72100830078125, 48.37869644165039, -123.72099304199219, 48.37870407104492]",original_place,
b5ff8d9c-eac9-4ace-a14f-3a96f4014c99,T&H Nails,6660 Sooke Rd Unit 2400,48.37901168,-123.72099334,"[-123.72100830078125, 48.379005432128906, -123.72099304199219, 48.37901306152344]",,,"[-123.72100830078125, 48.379005432128906, -123.72099304199219, 48.37901306152344]",original_place,
cb070ff1-8877-4449-a96c-9df644e9e51e,Tim Hortons,6660 Sooke Rd,48.37897687,-123.72079686,"[-123.72080993652344, 48.378971099853516, -123.72079467773438, 48.37897872924805]",f7278f56-56e6-431b-9538-89d7100a1a46,"[-123.72093200683594, 48.3787956237793, -123.72052001953125, 48.3791389465332]","[-123.72093200683594, 48.3787956237793, -123.72052001953125, 48.3791389465332]",building,
e8e3c3c8-7bf3-45f2-9c49-b0c74880fe15,LifeLabs Medical Laboratory Services,"6660 Sooke Road, Suite 1260",48.3789955,-123.7207212,"[-123.72073364257812, 48.37899398803711, -123.72071838378906, 48.37900161743164]",f7278f56-56e6-431b-9538-89d7100a1a46,"[-123.72093200683594, 48.3787956237793, -123.72052001953125, 48.3791389465332]","[-123.72093200683594, 48.3787956237793, -123.72052001953125, 48.3791389465332]",building,
00388b46-2f39-405e-8ede-35178476e64a,Collar & Comb Grooming Inc,6660 Sooke Rd,48.37899567,-123.72072473,"[-123.7207260131836, 48.37899398803711, -123.72071075439453, 48.37900161743164]",f7278f56-56e6-431b-9538-89d7100a1a46,"[-123.72093200683594, 48.3787956237793, -123.72052001953125, 48.3791389465332]","[-123.72093200683594, 48.3787956237793, -123.72052001953125, 48.3791389465332]",building,
75cf646e-a5d5-474e-96f2-cb6e4617357a,The Source,"6660 Sooke Rd, Unit 1440",48.379177608923165,-123.72110585982863,"[-123.72110748291016, 48.37917709350586, -123.7210922241211, 48.37918472290039]",0d662e67-3ea1-4a7e-9e04-08c851c234ee,"[-123.72152709960938, 48.37910461425781, -123.72080993652344, 48.380027770996094]","[-123.72152709960938, 48.37910461425781, -123.72080993652344, 48.380027770996094]",building,
3aea7bcb-2db0-4b57-9d36-107ba1ded86e,BCLIQUOR Sooke,9050 6660 Sooke Rd,48.3791274,-123.7211206,"[-123.72112274169922, 48.379119873046875, -123.72110748291016, 48.379127502441406]",,,"[-123.72112274169922, 48.379119873046875, -123.72110748291016, 48.379127502441406]",original_place,
ff1e5dff-0926-44e2-9655-cf7a5a2c3f76,Sooke 2 for 1 Pizza,6660 Sooke Rd #1200,48.3793512,-123.72137934,"[-123.72138214111328, 48.37934494018555, -123.72136688232422, 48.37935256958008]",0d662e67-3ea1-4a7e-9e04-08c851c234ee,"[-123.72152709960938, 48.37910461425781, -123.72080993652344, 48.380027770996094]","[-123.72152709960938, 48.37910461425781, -123.72080993652344, 48.380027770996094]",building,
6453e14e-34d7-4a70-ad5d-750ec5481f8a,HUB International,6660 Sooke Rd #1140,48.37937918,-123.72147092,"[-123.72147369384766, 48.379371643066406, -123.7214584350586, 48.37937927246094]",0d662e67-3ea1-4a7e-9e04-08c851c234ee,"[-123.72152709960938, 48.37910461425781, -123.72080993652344, 48.380027770996094]","[-123.72152709960938, 48.37910461425781, -123.72080993652344, 48.380027770996094]",building,
8269cae1-474e-4645-a3e6-a88b2c66835e,FIELDS,1240 - 6660 Sooke Rd,48.379424,-123.7213671,"[-123.72138214111328, 48.379417419433594, -123.72136688232422, 48.379425048828125]",0d662e67-3ea1-4a7e-9e04-08c851c234ee,"[-123.72152709960938, 48.37910461425781, -123.72080993652344, 48.380027770996094]","[-123.72152709960938, 48.37910461425781, -123.72080993652344, 48.380027770996094]",building,
76c96412-8b4a-4442-8b75-25fb77495b9b,SOOKE RPO SOOKE CENTER,UNIT 4000 - 6660 SOOKE RD,48.3793500000453,-123.72238000061182,"[-123.72238159179688, 48.37934875488281, -123.72236633300781, 48.379356384277344]",11069cf1-0c70-4ba0-aa04-b1f5b6df1694,"[-123.72289276123047, 48.379119873046875, -123.72216033935547, 48.37965393066406]","[-123.72289276123047, 48.379119873046875, -123.72216033935547, 48.37965393066406]",building,
65e8061d-4755-492a-ad8d-209327aff63f,Best Buy Express,"6660 Sooke Rd, Unit 1440",48.3798573,-123.7223518,"[-123.72236633300781, 48.37985610961914, -123.72235107421875, 48.37986373901367]",d437f83b-8b37-4446-89f8-526e520e467e,"[-123.72252655029297, 48.3797721862793, -123.72132110595703, 48.380306243896484]","[-123.72252655029297, 48.3797721862793, -123.72132110595703, 48.380306243896484]",building,
b4b5575e-f3eb-444a-ad15-fe8439fa6423,Western Foods,"Evergreen Centre, 6660 Sooke Rd #1400",48.38002434,-123.72196342,"[-123.72197723388672, 48.38002395629883, -123.72196197509766, 48.38003158569336]",d437f83b-8b37-4446-89f8-526e520e467e,"[-123.72252655029297, 48.3797721862793, -123.72132110595703, 48.380306243896484]","[-123.72252655029297, 48.3797721862793, -123.72132110595703, 48.380306243896484]",building,
577409bb-755b-4e36-9dff-3443cc42871b,Great Canadian Dollar Store,6660 Sooke Rd,48.37992359,-123.72202827,"[-123.72203063964844, 48.37991714477539, -123.72201538085938, 48.37992477416992]",d437f83b-8b37-4446-89f8-526e520e467e,"[-123.72252655029297, 48.3797721862793, -123.72132110595703, 48.380306243896484]","[-123.72252655029297, 48.3797721862793, -123.72132110595703, 48.380306243896484]",building,
5da00bef-c78f-432c-86d2-70c009cf045b,Bosley's - Bosley's,1350 6660 Sooke Rd,48.38006749,-123.72156677,"[-123.7215805053711, 48.38006591796875, -123.72156524658203, 48.38007354736328]",d437f83b-8b37-4446-89f8-526e520e467e,"[-123.72252655029297, 48.3797721862793, -123.72132110595703, 48.380306243896484]","[-123.72252655029297, 48.3797721862793, -123.72132110595703, 48.380306243896484]",building,
7433e912-c171-4195-b1f5-4c219eb5770f,Sooke Harbour Players,6660 Sooke Rd Unit 1320,48.38003575,-123.72180773,"[-123.72180938720703, 48.380035400390625, -123.72179412841797, 48.380043029785156]",d437f83b-8b37-4446-89f8-526e520e467e,"[-123.72252655029297, 48.3797721862793, -123.72132110595703, 48.380306243896484]","[-123.72252655029297, 48.3797721862793, -123.72132110595703, 48.380306243896484]",building,
f66ab7ba-8037-4884-9936-e00924bfd559,Westcoast Family Medical Clinic,6660 Sooke Rd #1300,48.37982169,-123.72136031,"[-123.72137451171875, 48.37981414794922, -123.72135925292969, 48.37982177734375]",0d662e67-3ea1-4a7e-9e04-08c851c234ee,"[-123.72152709960938, 48.37910461425781, -123.72080993652344, 48.380027770996094]","[-123.72152709960938, 48.37910461425781, -123.72080993652344, 48.380027770996094]",building,
eb678a4f-f9ad-4e13-8902-14d8de480699,4 Wheel Deals,2075 Anna Marie Rd,48.3801356,-123.720499,"[-123.72051239013672, 48.38013458251953, -123.72049713134766, 48.38014221191406]",,,"[-123.72051239013672, 48.38013458251953, -123.72049713134766, 48.38014221191406]",original_place,
a421a983-0e6c-40cf-b7a7-c655e0504f2e,Sooke Soil & Landscape,2830 Ramsden Rd,48.38038467210836,-123.71945620744575,"[-123.7194595336914, 48.38037872314453, -123.71944427490234, 48.38038635253906]",1798e227-9ead-439a-beb1-0b5c12cbb3e2,"[-123.71981811523438, 48.38017272949219, -123.71929168701172, 48.3804931640625]","[-123.71981811523438, 48.38017272949219, -123.71929168701172, 48.3804931640625]",building,
b9fa4e67-e8b8-47d7-9d84-664b7b443f2b,WorkLink Employment Society,2096 Church Road,48.3812036,-123.7196051,"[-123.71961975097656, 48.381202697753906, -123.7196044921875, 48.38121032714844]",,,"[-123.71961975097656, 48.381202697753906, -123.7196044921875, 48.38121032714844]",original_place,
9546ceb0-e8fb-489e-be50-a92557cdfc23,WorkBC Centre Sooke,2096 Church Road,48.3812036,-123.7196051,"[-123.71961975097656, 48.381202697753906, -123.7196044921875, 48.38121032714844]",,,"[-123.71961975097656, 48.381202697753906, -123.7196044921875, 48.38121032714844]",original_place,
76c12da3-ce92-495a-af00-f3f4c6648edd,Knox Presbyterian Church,2110 Church Rd,48.38155483,-123.72010317,"[-123.7201156616211, 48.381553649902344, -123.72010040283203, 48.381561279296875]",,,"[-123.7201156616211, 48.381553649902344, -123.72010040283203, 48.381561279296875]",original_place,
2984af2e-b0a3-4aa5-93d3-ad4edacf93c8,Sooke Region Communities Health Network,2120 Church Rd,48.381834,-123.720548,"[-123.72055053710938, 48.381832122802734, -123.72053527832031, 48.381839752197266]",abaedf75-8187-4869-9f1f-06d1605524ec,"[-123.72088623046875, 48.38166809082031, -123.72010803222656, 48.382022857666016]","[-123.72088623046875, 48.38166809082031, -123.72010803222656, 48.382022857666016]",building,
702fb136-d0a4-42a0-aef6-9f389af6b697,Sooke Gathering Place,2120 Church Rd,48.38183,-123.72055,"[-123.72055053710938, 48.38182830810547, -123.72053527832031, 48.3818359375]",abaedf75-8187-4869-9f1f-06d1605524ec,"[-123.72088623046875, 48.38166809082031, -123.72010803222656, 48.382022857666016]","[-123.72088623046875, 48.38166809082031, -123.72010803222656, 48.382022857666016]",building,
bb018885-b7d0-4939-b5aa-73a8df734f21,"Sooke Child, Youth and Family Centre",6672 Wadams Way #100,48.38193347,-123.7240093,"[-123.7240219116211, 48.381927490234375, -123.72400665283203, 48.381935119628906]",5b68edbf-8b27-4a81-9c24-09876eb846f6,"[-123.72435760498047, 48.38167190551758, -123.7236328125, 48.382118225097656]","[-123.72435760498047, 48.38167190551758, -123.7236328125, 48.382118225097656]",building,
a0bb5d2c-844e-47dc-9753-a5b2deac2bf2,Sooke Family Resource Society,2145 Townsend Rd # 100,48.380564848600805,-123.72482883169482,"[-123.7248306274414, 48.380558013916016, -123.72481536865234, 48.38056564331055]",,,"[-123.7248306274414, 48.380558013916016, -123.72481536865234, 48.38056564331055]",original_place,
c680aa19-8317-4cee-ac0c-502b3cd7399f,Sooke Goodlife Wellness Centre,2113 Otter Point Rd,48.38019193,-123.72547371,"[-123.7254867553711, 48.380191802978516, -123.72547149658203, 48.38019943237305]",,,"[-123.7254867553711, 48.380191802978516, -123.72547149658203, 48.38019943237305]",original_place,
3199c9b9-cb57-4253-b200-fb974cd7f2ba,Sookes West Coast Collision and Glass,2123 Otter Point Rd,48.38025658,-123.72555586,"[-123.72557067871094, 48.3802490234375, -123.72555541992188, 48.38025665283203]",,,"[-123.72557067871094, 48.3802490234375, -123.72555541992188, 48.38025665283203]",original_place,
6f9c131b-3684-4c96-a788-35493c63f3c5,Seaflora Skincare Inc.,2105 Otter Point Rd,48.380046,-123.725126,"[-123.72512817382812, 48.38003921508789, -123.72511291503906, 48.38004684448242]",9d38eb06-e2b2-4945-b879-4d3d8c053928,"[-123.72534942626953, 48.379947662353516, -123.72499084472656, 48.380130767822266]","[-123.72534942626953, 48.379947662353516, -123.72499084472656, 48.380130767822266]",building,
2d52319f-d93c-4e10-9430-5633f8dcf996,The Mermaid & The Muse,2113 Otter Point Rd,48.380062385564,-123.72511313464,"[-123.72512817382812, 48.380062103271484, -123.72511291503906, 48.380069732666016]",9d38eb06-e2b2-4945-b879-4d3d8c053928,"[-123.72534942626953, 48.379947662353516, -123.72499084472656, 48.380130767822266]","[-123.72534942626953, 48.379947662353516, -123.72499084472656, 48.380130767822266]",building,
cd8d26cb-f4fc-4b27-9705-108bcade8900,Kiera's Nails and Esthetics,2113 Otter Point Rd,48.38024815,-123.72526527,"[-123.72526550292969, 48.38024139404297, -123.72525024414062, 48.3802490234375]",df646fbb-eef0-492d-9d01-aeed2b92c2bf,"[-123.72543334960938, 48.38008499145508, -123.7251205444336, 48.38029479980469]","[-123.72543334960938, 48.38008499145508, -123.7251205444336, 48.38029479980469]",building,
634afb98-287b-4524-a7fa-610fd2b8a43b,Kingfisher Preschool ,6671 Wadams Way,48.38078,-123.72253,"[-123.72254180908203, 48.38077926635742, -123.72252655029297, 48.38078689575195]",,,"[-123.72254180908203, 48.38077926635742, -123.72252655029297, 48.38078689575195]",original_place,
96bb2368-693e-4b2e-97c5-f6f591d38cfe,Sooke Centre Auto Repair,2061 Otter Point Road,48.37875789,-123.72428077,"[-123.72428131103516, 48.37875747680664, -123.7242660522461, 48.37876510620117]",db23061d-6367-47ff-b062-f401dd5b880d,"[-123.72442626953125, 48.37867736816406, -123.72412109375, 48.37887191772461]","[-123.72442626953125, 48.37867736816406, -123.72412109375, 48.37887191772461]",building,
701f0b20-aa3c-48b7-9659-36e20a3ba7fe,Modern Rite Adornments,2050 Townsend Rd,48.37895,-123.72369,"[-123.72370147705078, 48.37894821166992, -123.72368621826172, 48.37895584106445]",,,"[-123.72370147705078, 48.37894821166992, -123.72368621826172, 48.37895584106445]",original_place,
f793331e-6c49-4538-8f39-e7f86d93513b,TD Canada Trust Branch and ATM,6670 Sooke Rd,48.3787255,-123.7225669,"[-123.72257995605469, 48.378719329833984, -123.72256469726562, 48.378726959228516]",63df5b20-d18b-4eab-8b2e-53b5ecf5a00c,"[-123.72273254394531, 48.37859344482422, -123.72233581542969, 48.37887191772461]","[-123.72273254394531, 48.37859344482422, -123.72233581542969, 48.37887191772461]",building,
03302c50-af2d-4e59-b20a-e6884ffa7a4e,Sooke Midwifery,2050 Townsend Rd B,48.37853789,-123.72338569,"[-123.723388671875, 48.378536224365234, -123.72337341308594, 48.378543853759766]",,,"[-123.723388671875, 48.378536224365234, -123.72337341308594, 48.378543853759766]",original_place,
e7bbb336-eb2f-429c-a4ca-58200ee3e4ab,India Delight Bistro & Bar,6676 Sooke Rd,48.37831526,-123.72281545,"[-123.72281646728516, 48.37831497192383, -123.7228012084961, 48.37832260131836]",,,"[-123.72281646728516, 48.37831497192383, -123.7228012084961, 48.37832260131836]",original_place,
f69515e9-5ddf-4d22-8fba-2b50df8746b4,Coast Capital,6661 Sooke Rd,48.378344,-123.72246,"[-123.72247314453125, 48.37833786010742, -123.72245788574219, 48.37834548950195]",,,"[-123.72247314453125, 48.37833786010742, -123.72245788574219, 48.37834548950195]",original_place,
379ee790-014f-4ce4-afa1-e17cc4e2a220,Route 14 Sooke,6686 Sooke Rd,48.37796346,-123.7233519,"[-123.7233657836914, 48.37795639038086, -123.72335052490234, 48.37796401977539]",,,"[-123.7233657836914, 48.37795639038086, -123.72335052490234, 48.37796401977539]",original_place,
eea1c506-77f9-4ba1-b650-8d5cc68dcd31,CIBC,6679 Sooke Rd,48.37791957,-123.72296713,"[-123.72296905517578, 48.3779182434082, -123.72295379638672, 48.377925872802734]",,,"[-123.72296905517578, 48.3779182434082, -123.72295379638672, 48.377925872802734]",original_place,
3577b208-ab5e-45a9-ad34-bedfd6af0b6a,642 Cannabis,6686 Sooke Rd #3,48.37811894,-123.7234128,"[-123.72342681884766, 48.37811279296875, -123.7234115600586, 48.37812042236328]",,,"[-123.72342681884766, 48.37811279296875, -123.7234115600586, 48.37812042236328]",original_place,
b18dfc38-7187-4c14-8c93-a062da2ae4ed,Salish Sea Technologies,6686 Sooke Rd,48.378099,-123.723487,"[-123.7234878540039, 48.37809753417969, -123.72347259521484, 48.37810516357422]",f81751f0-ea57-48be-b4a2-affbfa745378,"[-123.72382354736328, 48.37782669067383, -123.72335815429688, 48.37833023071289]","[-123.72382354736328, 48.37782669067383, -123.72335815429688, 48.37833023071289]",building,
768e1a71-6211-4e49-b6f6-8c65dbbff551,Pizza Hut,6686 Sooke Road,48.37793229,-123.72364568,"[-123.72364807128906, 48.377925872802734, -123.7236328125, 48.377933502197266]",f81751f0-ea57-48be-b4a2-affbfa745378,"[-123.72382354736328, 48.37782669067383, -123.72335815429688, 48.37833023071289]","[-123.72382354736328, 48.37782669067383, -123.72335815429688, 48.37833023071289]",building,
010ea9dc-597c-49f3-94ac-7df245a448f9,Petro-Canada,6692 Sooke Rd,48.3776553,-123.7234855,"[-123.7234878540039, 48.377655029296875, -123.72347259521484, 48.377662658691406]",,,"[-123.7234878540039, 48.377655029296875, -123.72347259521484, 48.377662658691406]",original_place,
4e530ffe-278e-4bd3-ab35-6f23e48c7315,RBC Royal Bank ATM,6692 SOOKE RD,48.3776553,-123.7234855,"[-123.7234878540039, 48.377655029296875, -123.72347259521484, 48.377662658691406]",,,"[-123.7234878540039, 48.377655029296875, -123.72347259521484, 48.377662658691406]",original_place,
691b3894-b667-4e49-ae94-7a3ae1f784fa,A Sea of Bloom,2052 Otter Point Rd,48.37776688,-123.72436401,"[-123.724365234375, 48.37776565551758, -123.72434997558594, 48.37777328491211]",,,"[-123.724365234375, 48.37776565551758, -123.72434997558594, 48.37777328491211]",original_place,
fdb5ec9f-9e18-4a68-abe2-37b03b408cc8,Reynolds Antiques and Collectibles,2047 Otter Point Rd,48.37799195,-123.72403007,"[-123.72404479980469, 48.37799072265625, -123.72402954101562, 48.37799835205078]",ce8ef28d-66ab-4298-aa06-577223ca7a2e,"[-123.72410583496094, 48.377845764160156, -123.72388458251953, 48.378089904785156]","[-123.72410583496094, 48.377845764160156, -123.72388458251953, 48.378089904785156]",building,
0386981d-8257-4604-bd38-0656e647f6ed,Coastal Roots Health Centre,2050 A Townsend Rd,48.37856665,-123.72342829,"[-123.72344207763672, 48.37855911254883, -123.72342681884766, 48.37856674194336]",68566183-a36d-4473-a4b1-f5954dea01b4,"[-123.72370910644531, 48.37844467163086, -123.72337341308594, 48.378700256347656]","[-123.72370910644531, 48.37844467163086, -123.72337341308594, 48.378700256347656]",building,
7f49a2f2-d58e-4361-b52a-a013b9b154cd,Purple Unicorn Nail and Beauty Bar,2050 Townsend Rd,48.37861279,-123.72344109,"[-123.72344207763672, 48.37861251831055, -123.72342681884766, 48.37862014770508]",68566183-a36d-4473-a4b1-f5954dea01b4,"[-123.72370910644531, 48.37844467163086, -123.72337341308594, 48.378700256347656]","[-123.72370910644531, 48.37844467163086, -123.72337341308594, 48.378700256347656]",building,
cc7559f9-747d-49f8-aca1-797c11171875,Burger On Point,2057 Otter Point Rd,48.37853666,-123.72434961,"[-123.72434997558594, 48.378536224365234, -123.72433471679688, 48.378543853759766]",5b034841-ec11-428a-8225-e8180e971e68,"[-123.72449493408203, 48.3784294128418, -123.72415161132812, 48.378662109375]","[-123.72449493408203, 48.3784294128418, -123.72415161132812, 48.378662109375]",building,
c74f293e-a56c-4662-a8f3-1c5a24c758a6,Pad-Thai by Patra,2057 Otter Point Rd,48.37855625,-123.72450015,"[-123.72450256347656, 48.37855529785156, -123.7244873046875, 48.378562927246094]",,,"[-123.72450256347656, 48.37855529785156, -123.7244873046875, 48.378562927246094]",original_place,
f88e1410-7e08-485c-8658-404e788c588e,Sooke Brewing Company,2057 Otter Point Rd,48.37846478,-123.724452,"[-123.7244644165039, 48.37846374511719, -123.72444915771484, 48.37847137451172]",,,"[-123.7244644165039, 48.37846374511719, -123.72444915771484, 48.37847137451172]",original_place,
171b187f-6b5d-48d1-93df-e26da3ceb6d3,The Stick In The Mud's Roastoreum,6711 Eustace Rd,48.37769631,-123.72467561,"[-123.72467803955078, 48.377689361572266, -123.72466278076172, 48.3776969909668]",,,"[-123.72467803955078, 48.377689361572266, -123.72466278076172, 48.3776969909668]",original_place,
e9bc4548-385f-4b7b-863b-29654f8e3b36,Cafe Vosino,6715 Eustace Rd,48.37761199,-123.72470274,"[-123.72471618652344, 48.37760543823242, -123.72470092773438, 48.37761306762695]",534ef88b-f3dc-4af1-ad07-6d04a480b0f5,"[-123.72471618652344, 48.3773078918457, -123.72399139404297, 48.37774658203125]","[-123.72471618652344, 48.3773078918457, -123.72399139404297, 48.37774658203125]",building,
ede215af-310d-4c00-81cf-303067ccfb4f,The Navy League of Canada Sooke Branch,6726 Eustace Rd,48.37779011009766,-123.7251883043888,"[-123.72518920898438, 48.37778854370117, -123.72517395019531, 48.3777961730957]",,,"[-123.72518920898438, 48.37778854370117, -123.72517395019531, 48.3777961730957]",original_place,
f30b35df-ba74-44ca-87bc-a0768faba44c,Royal Canadian Legion,6726 Eustace Rd,48.37774129,-123.72542509,"[-123.72542572021484, 48.37773513793945, -123.72541046142578, 48.377742767333984]",,,"[-123.72542572021484, 48.37773513793945, -123.72541046142578, 48.377742767333984]",original_place,
ccdc1565-9480-49b8-88e7-b18f8822ef6e,Royal Canadian Sea Cadet Corps Admiral RC Waller,6726 Eustace Rd,48.37768435,-123.72537564,"[-123.72538757324219, 48.37767791748047, -123.72537231445312, 48.377685546875]",,,"[-123.72538757324219, 48.37767791748047, -123.72537231445312, 48.377685546875]",original_place,
f25a7740-9358-44b2-9755-0ab2cc1b31ec,Tirecraft,"2079 Otter Point Road, Box 392",48.3791699,-123.7250135,"[-123.72501373291016, 48.37916946411133, -123.7249984741211, 48.37917709350586]",,,"[-123.72501373291016, 48.37916946411133, -123.7249984741211, 48.37917709350586]",original_place,
4e440e12-e208-4ed7-bcd3-c8a66e56c9e7,Dumont Tirecraft,2079 Otter Point Rd,48.37914048,-123.72486889,"[-123.72488403320312, 48.3791389465332, -123.72486877441406, 48.379146575927734]",,,"[-123.72488403320312, 48.3791389465332, -123.72486877441406, 48.379146575927734]",original_place,
3d070698-84bf-40ec-bebe-a86c3cb37399,Happy Campers Child Care,2080 Otter Point Rd,48.3790436,-123.72517242,"[-123.72517395019531, 48.37904357910156, -123.72515869140625, 48.379051208496094]",,,"[-123.72517395019531, 48.37904357910156, -123.72515869140625, 48.379051208496094]",original_place,
85421af8-2d20-4f15-814d-816b355e764e,John Phillips Memorial Park,,48.382729,-123.72873,"[-123.72874450683594, 48.382728576660156, -123.72872924804688, 48.38273620605469]",,,"[-123.72874450683594, 48.382728576660156, -123.72872924804688, 48.38273620605469]",original_place,
f0cc3fb8-90dc-4c4a-a829-838e04e14db3,Acupuncture Works Sooke,2253 Townsend Rd,48.38392121,-123.72664175,"[-123.72665405273438, 48.383914947509766, -123.72663879394531, 48.3839225769043]",,,"[-123.72665405273438, 48.383914947509766, -123.72663879394531, 48.3839225769043]",original_place,
d317a0f1-4f40-4a85-8552-f28db31f17ab,Coded Pixel Development & Design,101-2248 Townsend Rd,48.3837632,-123.7266542,"[-123.72666931152344, 48.38376235961914, -123.72665405273438, 48.38376998901367]",,,"[-123.72666931152344, 48.38376235961914, -123.72665405273438, 48.38376998901367]",original_place,
2550c54f-8d3d-49a7-8f43-e6382d8ce9b5,St. Rose of Lima Catholic Church,2191 Townsend Rd,48.382481,-123.72554205,"[-123.72555541992188, 48.38248062133789, -123.72554016113281, 48.38248825073242]",,,"[-123.72555541992188, 48.38248062133789, -123.72554016113281, 48.38248825073242]",original_place,
e1de8b28-c3c0-4473-a4af-2a0532e2d049,WW (Weight Watchers),2191 Townsend Road,48.3824555,-123.7257027,"[-123.72571563720703, 48.38245391845703, -123.72570037841797, 48.38246154785156]",,,"[-123.72571563720703, 48.38245391845703, -123.72570037841797, 48.38246154785156]",original_place,
c2cc5871-ed21-427c-83e1-5be747e9d12d,Drywall Sooke CNL,2206 Townsend Rd,48.382843,-123.72628,"[-123.72628021240234, 48.382835388183594, -123.72626495361328, 48.382843017578125]",c809ed5e-d098-4547-b1c2-c0bf01bd8657,"[-123.7264175415039, 48.38273620605469, -123.72615051269531, 48.382869720458984]","[-123.7264175415039, 48.38273620605469, -123.72615051269531, 48.382869720458984]",building,
7c38b114-f8b0-4e63-a62f-ae1fbba22ddd,Sooke Region Chamber Of Commerce,6631 Sooke Rd,48.38399712633441,-123.72489955678326,"[-123.72491455078125, 48.38399124145508, -123.72489929199219, 48.38399887084961]",23d7c346-a091-4f01-9c79-d1f706ea67a9,"[-123.7249984741211, 48.38392639160156, -123.72476196289062, 48.384033203125]","[-123.7249984741211, 48.38392639160156, -123.72476196289062, 48.384033203125]",building,
59ad1c4b-9328-42e8-a6f3-2f52bf2850aa,Little Ducklings Daycare,6724 Rhodonite Dr,48.3856304,-123.7286053,"[-123.72860717773438, 48.385623931884766, -123.72859191894531, 48.3856315612793]",,,"[-123.72860717773438, 48.385623931884766, -123.72859191894531, 48.3856315612793]",original_place,
af6a3b7b-e139-43ee-9c1c-8bd4cf23c854,Crashard Surfboards,6772 Rhodonite Dr,48.38474,-123.73153,"[-123.7315444946289, 48.38473892211914, -123.73152923583984, 48.38474655151367]",,,"[-123.7315444946289, 48.38473892211914, -123.73152923583984, 48.38474655151367]",original_place,
3af3e0fb-be03-4dee-a83c-074f9dece218,Squeeky Clean Windows and Gutters,2330 Otter Point Road,48.384845,-123.733616,"[-123.7336196899414, 48.38483810424805, -123.73360443115234, 48.38484573364258]",d0358f3b-54a6-4b86-9d64-3931e0ab6528,"[-123.7337646484375, 48.384788513183594, -123.73359680175781, 48.38492965698242]","[-123.7337646484375, 48.384788513183594, -123.73359680175781, 48.38492965698242]",building,
28f6571f-f97b-49ef-839c-f47b6ffd9e08,24/7 Electric Inc,3076 Sarah Drive,48.385148917177084,-123.73323829973401,"[-123.7332534790039, 48.38514709472656, -123.73323822021484, 48.385154724121094]",,,"[-123.7332534790039, 48.38514709472656, -123.73323822021484, 48.385154724121094]",original_place,
4f0f41fb-2d46-41a9-a296-49485229c2a1,Lakeside Hideaway Waterfront Cabins,3210 Otter Point Rd,48.38505037393845,-123.73306948288892,"[-123.73307037353516, 48.38504409790039, -123.7330551147461, 48.38505172729492]",d50c37ef-7566-4bbd-a39b-94ab3c111d07,"[-123.73316955566406, 48.38503646850586, -123.73295593261719, 48.385196685791016]","[-123.73316955566406, 48.38503646850586, -123.73295593261719, 48.385196685791016]",building,
8b275ef7-4443-418c-904c-6ac5cc8cf414,Crown Me Creations,6836 Quartz Dr,48.38407158,-123.73615611,"[-123.73616790771484, 48.384071350097656, -123.73615264892578, 48.38407897949219]",,,"[-123.73616790771484, 48.384071350097656, -123.73615264892578, 48.38407897949219]",original_place,
9e1557d7-c6f7-40ee-9741-a62f55b15c29,Broom Hill Park,2280 Pyrite Dr,48.38253047,-123.73651674,"[-123.73651885986328, 48.382530212402344, -123.73650360107422, 48.382537841796875]",,,"[-123.73651885986328, 48.382530212402344, -123.73650360107422, 48.382537841796875]",original_place,
1aea4279-2d33-44ac-8ed7-8aca8c2e5be7,Coastal Roots Health Centre,2050 A Townsend Rd,48.38241656582651,-123.7354302406311,"[-123.73544311523438, 48.382415771484375, -123.73542785644531, 48.382423400878906]",,,"[-123.73544311523438, 48.382415771484375, -123.73542785644531, 48.382423400878906]",original_place,
bf68f96d-6238-45c7-a8cb-293b0dc3494c,Healthy Roots Registered Massage Therapy,6818 Beaton Rd,48.38252649,-123.73415335,"[-123.7341537475586, 48.38252639770508, -123.73413848876953, 48.38253402709961]",,,"[-123.7341537475586, 48.38252639770508, -123.73413848876953, 48.38253402709961]",original_place,
7e672d27-c684-475d-8a55-7a6a58771837,Sooke Emergency Program,2225 Otter Point Rd,48.382177,-123.73233,"[-123.73233032226562, 48.38217544555664, -123.73231506347656, 48.38218307495117]",931de38e-ca9e-4911-baa5-fa6bfbaf09e4,"[-123.73243713378906, 48.38204574584961, -123.73218536376953, 48.38223648071289]","[-123.73243713378906, 48.38204574584961, -123.73218536376953, 48.38223648071289]",building,
f148aef2-27ba-46cd-b27a-7e0a649c5716,Little Vienna Bakery,6726 W COAST Rd,48.382786,-123.732635,"[-123.73263549804688, 48.38278579711914, -123.73262023925781, 48.38279342651367]",,,"[-123.73263549804688, 48.38278579711914, -123.73262023925781, 48.38279342651367]",original_place,
832cc66f-b0e1-48d9-a3aa-1ff255310977,East Sooke Park,,48.3833,-123.733,"[-123.73300170898438, 48.38329315185547, -123.73298645019531, 48.38330078125]",,,"[-123.73300170898438, 48.38329315185547, -123.73298645019531, 48.38330078125]",original_place,
d07f6d83-75f6-4c71-8e4c-687991df18f9,Sooke Fire Hall,2225 Otter Point Rd,48.3825678,-123.73141236,"[-123.73141479492188, 48.38256072998047, -123.73139953613281, 48.382568359375]",b921a96a-2fd0-40b8-b07f-750b609fdbc9,"[-123.73199462890625, 48.38234329223633, -123.73103332519531, 48.382816314697266]","[-123.73199462890625, 48.38234329223633, -123.73103332519531, 48.382816314697266]",building,
8026b9a1-01aa-453f-8cd8-1ef40f0534fb,District of Sooke,2205 Otter Point Rd,48.38253063,-123.73121951,"[-123.73123168945312, 48.382530212402344, -123.73121643066406, 48.382537841796875]",b921a96a-2fd0-40b8-b07f-750b609fdbc9,"[-123.73199462890625, 48.38234329223633, -123.73103332519531, 48.382816314697266]","[-123.73199462890625, 48.38234329223633, -123.73103332519531, 48.382816314697266]",building,
881f42ef-b957-4583-a52d-1b67e7888ada,Capital Regional Emergency,2205 Otter Point Rd,48.38253398,-123.73121174,"[-123.7312240600586, 48.38252639770508, -123.73120880126953, 48.38253402709961]",b921a96a-2fd0-40b8-b07f-750b609fdbc9,"[-123.73199462890625, 48.38234329223633, -123.73103332519531, 48.382816314697266]","[-123.73199462890625, 48.38234329223633, -123.73103332519531, 48.382816314697266]",building,
e8af1dc6-a2bf-463b-92b4-b5460994db64,Anytime Fitness,2193 Otter Point Rd #5,48.38161377,-123.73029125,"[-123.73029327392578, 48.38160705566406, -123.73027801513672, 48.381614685058594]",,,"[-123.73029327392578, 48.38160705566406, -123.73027801513672, 48.381614685058594]",original_place,
e476711a-9cc3-4740-a14b-094888d9d3b5,John Phillips Memorial Golf Club,2197 Otter Point Rd,48.381489,-123.730269,"[-123.73027038574219, 48.38148880004883, -123.73025512695312, 48.38149642944336]",e249dc5d-e33a-435a-b875-dce426619901,"[-123.73043060302734, 48.38145446777344, -123.73016357421875, 48.38161087036133]","[-123.73043060302734, 48.38145446777344, -123.73016357421875, 48.38161087036133]",building,
da2913ab-9ca1-46b8-9293-0f2e78bc7e74,SK Nail Bar,2197 Otter Point Rd #113,48.3813672,-123.7304707,"[-123.73048400878906, 48.38136672973633, -123.73046875, 48.38137435913086]",,,"[-123.73048400878906, 48.38136672973633, -123.73046875, 48.38137435913086]",original_place,
9e505073-4b9b-482b-8c65-a46b68f9c9a2,Vault Sports Lounge,,48.38184,-123.7311,"[-123.7311019897461, 48.381839752197266, -123.73108673095703, 48.3818473815918]",,,"[-123.7311019897461, 48.381839752197266, -123.73108673095703, 48.3818473815918]",original_place,
881d0f4c-45a6-48a1-aa41-c34b3c59cb49,Salt Leaf Agency,,48.38188,-123.7312,"[-123.731201171875, 48.381874084472656, -123.73118591308594, 48.38188171386719]",,,"[-123.731201171875, 48.381874084472656, -123.73118591308594, 48.38188171386719]",original_place,
32c029cd-4aa3-4e51-85d5-adba14e4f849,BigFoot Food Co.,6585 Sooke Rd,48.38188,-123.7312,"[-123.731201171875, 48.381874084472656, -123.73118591308594, 48.38188171386719]",,,"[-123.731201171875, 48.381874084472656, -123.73118591308594, 48.38188171386719]",original_place,
9a7cbb80-4d0e-4711-9d04-f4e3e2e68a67,Coastline Living Photography,2170 French Rd S,48.37885534,-123.73682288,"[-123.73682403564453, 48.378849029541016, -123.73680877685547, 48.37885665893555]",,,"[-123.73682403564453, 48.378849029541016, -123.73680877685547, 48.37885665893555]",original_place,
79724c2e-a77b-4c26-a79d-529bb76bbb61,West Coast Cell Repairs,,48.38093364,-123.73448325,"[-123.7344970703125, 48.38093185424805, -123.73448181152344, 48.38093948364258]",,,"[-123.7344970703125, 48.38093185424805, -123.73448181152344, 48.38093948364258]",original_place,
74d24401-3912-4606-90a2-8a94eb8b7086,Estelle Padeloup Shiatsu Therapy,110-2260 Maple Av North,48.3812831,-123.7394203,"[-123.73943328857422, 48.381282806396484, -123.73941802978516, 48.381290435791016]",,,"[-123.73943328857422, 48.381282806396484, -123.73941802978516, 48.381290435791016]",original_place,
44c3cb3c-fc0a-4eba-80fe-2f39ee821e29,Dale's Electric,2258 Stone Creek Pl,48.38160793493985,-123.7413911492601,"[-123.74139404296875, 48.38160705566406, -123.74137878417969, 48.381614685058594]",,,"[-123.74139404296875, 48.38160705566406, -123.74137878417969, 48.381614685058594]",original_place,
1b4c21cf-96e9-485b-81a2-4adf3fbe9608,49th Parallel Recreation,6987 Brailford Pl,48.37946,-123.74199,"[-123.74200439453125, 48.379459381103516, -123.74198913574219, 48.37946701049805]",be681f77-ba1d-4069-925c-b83619c7ff34,"[-123.74213409423828, 48.37935256958008, -123.74189758300781, 48.37950897216797]","[-123.74213409423828, 48.37935256958008, -123.74189758300781, 48.37950897216797]",building,
89eac50b-101b-4889-9a25-7e6c24de9bb2,Shear Bliss Precision Sharpening,2206 Winfield Dr,48.37847,-123.74383,"[-123.74384307861328, 48.37846374511719, -123.74382781982422, 48.37847137451172]",8ba2e474-5712-4843-8702-2aefbe62d589,"[-123.74398803710938, 48.378379821777344, -123.74378967285156, 48.37855911254883]","[-123.74398803710938, 48.378379821777344, -123.74378967285156, 48.37855911254883]",building,
226d5ac5-d282-44b7-97c1-02f257bf9b0f,Coastal Auto Marine Svc,5621 Sooke Rd,48.37760090411635,-123.74414522038855,"[-123.74414825439453, 48.377593994140625, -123.74413299560547, 48.377601623535156]",,,"[-123.74414825439453, 48.377593994140625, -123.74413299560547, 48.377601623535156]",original_place,
43639a79-cca0-403e-9349-28f6b87c6ea9,Butler Brothers Supplies Ltd,6228 Sooke Rd,48.37760090411635,-123.74414522038855,"[-123.74414825439453, 48.377593994140625, -123.74413299560547, 48.377601623535156]",,,"[-123.74414825439453, 48.377593994140625, -123.74413299560547, 48.377601623535156]",original_place,
794f68c3-2d89-46c2-a358-2f564bdf1564,K.O. Exteriors Inc.,910 latoria rd,48.379841,-123.742482,"[-123.74248504638672, 48.37984085083008, -123.74246978759766, 48.37984848022461]",,,"[-123.74248504638672, 48.37984085083008, -123.74246978759766, 48.37984848022461]",original_place,
b01b0b30-91d1-48b3-b081-35889718e081,Van Der Meij Immigration Consulting,2334 FrenchN,48.38481836,-123.737970963,"[-123.73798370361328, 48.38481140136719, -123.73796844482422, 48.38481903076172]",,,"[-123.73798370361328, 48.38481140136719, -123.73796844482422, 48.38481903076172]",original_place,
54197a4e-74c1-4aba-9b1a-31f5bd907460,Quintessential Insurance Services,6816 Burr Dr,48.39024572,-123.73918367,"[-123.73919677734375, 48.39023971557617, -123.73918151855469, 48.3902473449707]",,,"[-123.73919677734375, 48.39023971557617, -123.73918151855469, 48.3902473449707]",original_place,
4c687711-be2b-41c3-b397-b6bf6e19c51b,Sooke Coastal Plumbing and Gas,2394 French Rd,48.38679,-123.73484,"[-123.7348403930664, 48.386783599853516, -123.73482513427734, 48.38679122924805]",f75fbc20-0224-4d77-99c1-283f86661527,"[-123.73500061035156, 48.386661529541016, -123.7347412109375, 48.38682174682617]","[-123.73500061035156, 48.386661529541016, -123.7347412109375, 48.38682174682617]",building,
3a50a71f-acca-4859-a2d5-f0090cbfbd58,InishOge Farm & Field School,6698 Helgeson Dr,48.3882624,-123.7310295,"[-123.73104095458984, 48.38825607299805, -123.73102569580078, 48.38826370239258]",,,"[-123.73104095458984, 48.38825607299805, -123.73102569580078, 48.38826370239258]",original_place,
997626e9-1dd9-42b2-8b4f-16244a1db734,Early Bird Day Care,,48.38810414139,-123.73126234617,"[-123.73127746582031, 48.38810348510742, -123.73126220703125, 48.38811111450195]",,,"[-123.73127746582031, 48.38810348510742, -123.73126220703125, 48.38811111450195]",original_place,
4f472fb2-0eb2-4efa-a707-7780427cc9db,Sooke Beach,,48.380055,-123.747885,"[-123.74788665771484, 48.38005447387695, -123.74787139892578, 48.380062103271484]",,,"[-123.74788665771484, 48.38005447387695, -123.74787139892578, 48.380062103271484]",original_place,
0955d176-856d-4b05-8b1c-6b1e8130a1e7,Broomhill Mount,,48.38398930895033,-123.75892248148457,"[-123.7589340209961, 48.38398742675781, -123.75891876220703, 48.383995056152344]",,,"[-123.7589340209961, 48.38398742675781, -123.75891876220703, 48.383995056152344]",original_place,
59efbb8c-91de-41bb-b9fa-0cb8c35b598a,Poirier Lake,,48.39407718,-123.76780725,"[-123.767822265625, 48.39406967163086, -123.76780700683594, 48.39407730102539]",,,"[-123.767822265625, 48.39406967163086, -123.76780700683594, 48.39407730102539]",original_place,
7bfd35c0-f4fd-4c41-9f3a-c2cae0f50bd8,Lakeside Hideaway Waterfront Cabins,3210 Otter Point Rd,48.39401557,-123.76993546,"[-123.76993560791016, 48.39400863647461, -123.7699203491211, 48.39401626586914]",,,"[-123.76993560791016, 48.39400863647461, -123.7699203491211, 48.39401626586914]",original_place,
4dc6759f-ebd7-4c45-b45a-5593d311aab1,William Simons Memorial Park,,48.392371,-123.7689681,"[-123.76898193359375, 48.392364501953125, -123.76896667480469, 48.392372131347656]",cac15abb-8f30-47ca-a7f5-fb5271ca93f0,"[-123.7691650390625, 48.392250061035156, -123.7689437866211, 48.39242172241211]","[-123.7691650390625, 48.392250061035156, -123.7689437866211, 48.39242172241211]",building,
d662f4e7-067b-40e9-a5b5-ced7e707948c,Otter Point Athletics,7450 Butler Rd #34,48.39219333,-123.77346088,"[-123.77347564697266, 48.39219284057617, -123.7734603881836, 48.3922004699707]",dfc40cd8-32ab-450a-bb91-70cb9847be1d,"[-123.77360534667969, 48.392051696777344, -123.77332305908203, 48.392276763916016]","[-123.77360534667969, 48.392051696777344, -123.77332305908203, 48.392276763916016]",building,
f771a8b7-a575-402d-8fb1-0057c130a6aa,Mr. Tank,"32, 7450 Butler Rd Unit B",48.39193259,-123.77347407,"[-123.77347564697266, 48.39192581176758, -123.7734603881836, 48.39193344116211]",d52f6b70-5131-4318-9d3f-29d6858bc2df,"[-123.77359008789062, 48.39177322387695, -123.7733154296875, 48.392005920410156]","[-123.77359008789062, 48.39177322387695, -123.7733154296875, 48.392005920410156]",building,
d4584c48-804c-4b47-867a-d5051e3227de,West Coast Super Storage,3220 Otter Point Rd,48.39120902341541,-123.77365035650837,"[-123.77365112304688, 48.39120864868164, -123.77363586425781, 48.39121627807617]",,,"[-123.77365112304688, 48.39120864868164, -123.77363586425781, 48.39121627807617]",original_place,
ee5910be-b0a4-4eb8-8c41-247702f52479,Make Space Storage - Sooke,31-7450 Butler Road,48.3911239,-123.7734717,"[-123.77348327636719, 48.391117095947266, -123.77346801757812, 48.3911247253418]",3dbf207e-95d0-4ff2-ab6c-b2d387d761b6,"[-123.77362823486328, 48.39109420776367, -123.77345275878906, 48.39119338989258]","[-123.77362823486328, 48.39109420776367, -123.77345275878906, 48.39119338989258]",building,
826fdd7d-55e9-472b-b95d-04c056d8ddc2,Sooke Car Wash & Detailing,7450 Butler Rd Unit 30,48.39140217,-123.77356499,"[-123.77356719970703, 48.391395568847656, -123.77355194091797, 48.39140319824219]",,,"[-123.77356719970703, 48.391395568847656, -123.77355194091797, 48.39140319824219]",original_place,
b36a2783-da8f-4aab-8047-cf2b381f49f5,Rebel Rentals & Repairs,7450 Butler Rd #30,48.39157654,-123.7734281,"[-123.77342987060547, 48.39157485961914, -123.7734146118164, 48.39158248901367]",,,"[-123.77342987060547, 48.39157485961914, -123.7734146118164, 48.39158248901367]",original_place,
f0389908-1866-4f23-8690-6e1c3192a68c,CSN Otter Point Collision,3366 Otter Point Rd,48.39353048,-123.77612512,"[-123.77613830566406, 48.393524169921875, -123.776123046875, 48.393531799316406]",,,"[-123.77613830566406, 48.393524169921875, -123.776123046875, 48.393531799316406]",original_place,
ad72158e-25b1-4bdd-8862-52d1b5b3a107,Warrior Arts Academy,3312 Otter Point Rd,48.39476104,-123.77459306,"[-123.77460479736328, 48.39476013183594, -123.77458953857422, 48.39476776123047]",,,"[-123.77460479736328, 48.39476013183594, -123.77458953857422, 48.39476776123047]",original_place,
6e2218c1-7085-4b05-a5bd-a6333ff33ed3,Saltwest Naturals,7585 Lemare Cres,48.39685727,-123.77130332,"[-123.77131652832031, 48.3968505859375, -123.77130126953125, 48.39685821533203]",,,"[-123.77131652832031, 48.3968505859375, -123.77130126953125, 48.39685821533203]",original_place,
3db65878-afc1-48f4-9790-7a8fd8c32ef6,Samantha's Sea Stars Child care,7519 Butler Rd,48.39855,-123.76865,"[-123.76866149902344, 48.3985481262207, -123.76864624023438, 48.398555755615234]",63458b5a-7a9c-46db-b1f9-5336d7321938,"[-123.76889038085938, 48.39837646484375, -123.76850128173828, 48.3986930847168]","[-123.76889038085938, 48.39837646484375, -123.76850128173828, 48.3986930847168]",building,
73f6e580-3c70-4a2f-ad20-be24fec294a3,Active Reactive Field for Dogs,3065 Robinson Rd,48.40063628,-123.77568006,"[-123.77568054199219, 48.400634765625, -123.77566528320312, 48.40064239501953]",,,"[-123.77568054199219, 48.400634765625, -123.77566528320312, 48.40064239501953]",original_place,
45f49241-45ec-4f66-be02-a9246b971423,Sooke Ink Tattoo Studio,3115 Otter Point Rd,48.3955631,-123.76431153,"[-123.76431274414062, 48.39556121826172, -123.76429748535156, 48.39556884765625]",,,"[-123.76431274414062, 48.39556121826172, -123.76429748535156, 48.39556884765625]",original_place,
ede3a52d-3e68-48c3-b3b0-debacdb82fa0,Blyth Transport Ltd,2877 Patricia Marie Pl,48.396686,-123.754591,"[-123.75459289550781, 48.39667892456055, -123.75457763671875, 48.39668655395508]",,,"[-123.75459289550781, 48.39667892456055, -123.75457763671875, 48.39668655395508]",original_place,
45c38f82-28d7-4ae6-b292-539128453569,Kat's Hair Studio,2715 Otter Point Rd,48.39678673,-123.74731249,"[-123.747314453125, 48.396785736083984, -123.74729919433594, 48.396793365478516]",,,"[-123.747314453125, 48.396785736083984, -123.74729919433594, 48.396793365478516]",original_place,
72902a91-3284-41d6-b03a-c99cc76e874d,Essence Hair & Esthetics Studio,2906 Sarah Dr,48.400516,-123.751582,"[-123.75159454345703, 48.400508880615234, -123.75157928466797, 48.400516510009766]",,,"[-123.75159454345703, 48.400508880615234, -123.75157928466797, 48.400516510009766]",original_place,
a5495817-2301-43b1-9b24-c02b6e79d343,Camp Barnard,3202 Young Lake Rd,48.40762389,-123.7602421,"[-123.76025390625, 48.407623291015625, -123.76023864746094, 48.407630920410156]",,,"[-123.76025390625, 48.407623291015625, -123.76023864746094, 48.407630920410156]",original_place,
69b1cbc1-ee4c-46ff-9c41-c6a9eac737a5,"Young Lake (sjö i Kanada, British Columbia, lat 48,41, long -123,76)",,48.405,-123.76389,"[-123.7638931274414, 48.404998779296875, -123.76387786865234, 48.405006408691406]",,,"[-123.7638931274414, 48.404998779296875, -123.76387786865234, 48.405006408691406]",original_place,
df111598-b51a-4fb1-82a8-8b738eea60ff,McKenzie Lake,,48.40711828,-123.7698139,"[-123.76982879638672, 48.40711212158203, -123.76981353759766, 48.40711975097656]",,,"[-123.76982879638672, 48.40711212158203, -123.76981353759766, 48.40711975097656]",original_place,
7aeacc27-774c-49e1-bcc1-502a1d850dee,"Bluff Mountain (berg i Kanada, British Columbia)",,48.43292,-123.76933,"[-123.76933288574219, 48.432918548583984, -123.76931762695312, 48.432926177978516]",,,"[-123.76933288574219, 48.432918548583984, -123.76931762695312, 48.432926177978516]",original_place,
da8c6e4d-b890-467e-8e6c-8cc458b6b2a0,Sooke Hills,,48.43292,-123.73592,"[-123.73592376708984, 48.432918548583984, -123.73590850830078, 48.432926177978516]",,,"[-123.73592376708984, 48.432918548583984, -123.73590850830078, 48.432926177978516]",original_place,
d89a591a-e7c1-4380-adbe-c9719782e5fc,Boneyard Lake,,48.43690209,-123.7414916,"[-123.74149322509766, 48.4369010925293, -123.7414779663086, 48.43690872192383]",,,"[-123.74149322509766, 48.4369010925293, -123.7414779663086, 48.43690872192383]",original_place,
9cb6b4f5-51c3-4a9f-9989-0f2d617fd073,Mary Vine Creek Waterfall,,48.445621586156,-123.7173897028,"[-123.71739196777344, 48.445621490478516, -123.71737670898438, 48.44562911987305]",,,"[-123.71739196777344, 48.445621490478516, -123.71737670898438, 48.44562911987305]",original_place,
e3e56c78-9f39-40ce-935d-144fcad6fee1,Sooke Flowline,,48.439566666667,-123.71626666667,"[-123.71627044677734, 48.43955993652344, -123.71625518798828, 48.43956756591797]",,,"[-123.71627044677734, 48.43955993652344, -123.71625518798828, 48.43956756591797]",original_place,
209974f9-737c-4435-8370-ca7594f0354c,Potholes Viewpoint,Sooke River Rd ,48.4372814773052,-123.71663299882304,"[-123.71663665771484, 48.43727493286133, -123.71662139892578, 48.43728256225586]",,,"[-123.71663665771484, 48.43727493286133, -123.71662139892578, 48.43728256225586]",original_place,
011a930a-637f-4e88-93d7-0d3313e1db63,Todd Creek,,48.43292,-123.71932,"[-123.71932220458984, 48.432918548583984, -123.71930694580078, 48.432926177978516]",,,"[-123.71932220458984, 48.432918548583984, -123.71930694580078, 48.432926177978516]",original_place,
ebc814b2-de06-4c36-a2bc-f4031fb88074,Mary Vine Creek,,48.43426267,-123.71586655,"[-123.71588134765625, 48.434261322021484, -123.71586608886719, 48.434268951416016]",,,"[-123.71588134765625, 48.434261322021484, -123.71586608886719, 48.434268951416016]",original_place,
e1a6f983-e998-4662-9f6e-3b9ab1ec6ba5,Charters River,,48.41632876,-123.72211625,"[-123.72212982177734, 48.41632843017578, -123.72211456298828, 48.41633605957031]",,,"[-123.72212982177734, 48.41632843017578, -123.72211456298828, 48.41633605957031]",original_place,
6f3a21af-31b4-45db-8e35-2ba70d20f255,Charters River Salmon Interpretive Centre,2895 Sooke River Rd,48.41366721000343,-123.71065899769104,"[-123.7106704711914, 48.413665771484375, -123.71065521240234, 48.413673400878906]",,,"[-123.7106704711914, 48.413665771484375, -123.71065521240234, 48.413673400878906]",original_place,
89944ac5-3dce-448d-ae68-6c5cd0fe64c4,Sooke Potholes,Sooke River Rd,48.42794911,-123.71261547,"[-123.71261596679688, 48.427947998046875, -123.71260070800781, 48.427955627441406]",,,"[-123.71261596679688, 48.427947998046875, -123.71260070800781, 48.427955627441406]",original_place,
a5a9421f-8f8b-49df-9a4a-30016aab3c55,Mount Manuel Quimper,,48.41957854,-123.65907154,"[-123.65907287597656, 48.41957092285156, -123.6590576171875, 48.419578552246094]",eb784b7f-d448-40b5-bec2-b734d6da5c80,"[-123.65910339355469, 48.41954040527344, -123.65901184082031, 48.41960144042969]","[-123.65910339355469, 48.41954040527344, -123.65901184082031, 48.41960144042969]",building,
d3084f64-efff-4459-a882-8fb9e882427d,Mount Manuel Quimper,,48.4188,-123.6668,"[-123.66680145263672, 48.418792724609375, -123.66678619384766, 48.418800354003906]",,,"[-123.66680145263672, 48.418792724609375, -123.66678619384766, 48.418800354003906]",original_place,
00288109-7bd3-4552-8606-a10a225f623e,Grass Lake,,48.44639542,-123.67871323,"[-123.67872619628906, 48.446388244628906, -123.6787109375, 48.44639587402344]",,,"[-123.67872619628906, 48.446388244628906, -123.6787109375, 48.44639587402344]",original_place,
d933c5d1-e41f-4f5f-b81d-97b767c5a1d4,Peden Lake,,48.45334191,-123.70204589,"[-123.7020492553711, 48.45333480834961, -123.70203399658203, 48.45334243774414]",,,"[-123.7020492553711, 48.45333480834961, -123.70203399658203, 48.45334243774414]",original_place,
f967f409-afd8-4b9f-9223-b307f2a26ffd,Bert Lake,,48.45682877,-123.67802373,"[-123.67802429199219, 48.45682144165039, -123.67800903320312, 48.45682907104492]",,,"[-123.67802429199219, 48.45682144165039, -123.67800903320312, 48.45682907104492]",original_place,
11964676-591f-4921-b38c-54bb0aaedfd2,Sheilds Lake,,48.44824822,-123.66316817,"[-123.66316986083984, 48.4482421875, -123.66315460205078, 48.44824981689453]",,,"[-123.66316986083984, 48.4482421875, -123.66315460205078, 48.44824981689453]",original_place,
2d570277-64df-4e65-b03d-9a1cbc77459c,Crabapple Lake (sjö i Kanada),,48.46056,-123.655,"[-123.65501403808594, 48.4605598449707, -123.65499877929688, 48.460567474365234]",,,"[-123.65501403808594, 48.4605598449707, -123.65499877929688, 48.460567474365234]",original_place,
5c865437-dd1c-4b53-8877-37a81657fab1,Empress Mountain,,48.46555678,-123.67361911,"[-123.67362213134766, 48.46554946899414, -123.6736068725586, 48.46555709838867]",,,"[-123.67362213134766, 48.46554946899414, -123.6736068725586, 48.46555709838867]",original_place,
8fa04f14-9030-4942-a155-f4f28d4989b7,Golledge Creek,,48.46632,-123.73592,"[-123.73592376708984, 48.466312408447266, -123.73590850830078, 48.4663200378418]",,,"[-123.73592376708984, 48.466312408447266, -123.73590850830078, 48.4663200378418]",original_place,
3912f58b-cf23-437f-9d33-c4dda4e139ee,Tugwell Lake,,48.47279678,-123.81196933,"[-123.81198120117188, 48.4727897644043, -123.81196594238281, 48.47279739379883]",,,"[-123.81198120117188, 48.4727897644043, -123.81196594238281, 48.47279739379883]",original_place,
59fbb62e-6cd3-4780-a0ff-da85e8d90fa4,Trap Mountain (berg i Kanada),,48.448,-123.7843,"[-123.7843017578125, 48.447994232177734, -123.78428649902344, 48.448001861572266]",,,"[-123.7843017578125, 48.447994232177734, -123.78428649902344, 48.448001861572266]",original_place,
cf4a63c5-ddd1-40eb-9e2d-182c6cd48f0a,"Mount Muir (berg i Kanada, British Columbia, lat 48,48, long -123,87)",,48.4829,-123.8718,"[-123.8718032836914, 48.4828987121582, -123.87178802490234, 48.482906341552734]",,,"[-123.8718032836914, 48.4828987121582, -123.87178802490234, 48.482906341552734]",original_place,
e4367607-1a98-43cd-ab22-800e16ab647e,Elliott Reservoir,,48.48291,-123.98595,"[-123.9859619140625, 48.48290252685547, -123.98594665527344, 48.48291015625]",,,"[-123.9859619140625, 48.48290252685547, -123.98594665527344, 48.48291015625]",original_place,
0e2a10a8-b1a0-4781-8a38-4c176cc046f6,Winkler Creek,,48.4614,-124.02028,"[-124.02029418945312, 48.46139907836914, -124.02027893066406, 48.46140670776367]",,,"[-124.02029418945312, 48.46139907836914, -124.02027893066406, 48.46140670776367]",original_place,
86fdff5a-1c94-4893-abe4-04218308fe53,Sandcut Creek,,48.41619234,-124.01943585,"[-124.01944732666016, 48.41619110107422, -124.0194320678711, 48.41619873046875]",,,"[-124.01944732666016, 48.41619110107422, -124.0194320678711, 48.41619873046875]",original_place,
ac548eca-d79a-45a7-b365-eb21376fff72,Sandcut Beach Waterfall,11033 W Coast Rd,48.41281893,-124.01407331,"[-124.01407623291016, 48.412818908691406, -124.0140609741211, 48.41282653808594]",,,"[-124.01407623291016, 48.412818908691406, -124.0140609741211, 48.41282653808594]",original_place,
4276964e-ccff-4f4a-9eb4-e70be10af8ca,French Beach,,48.408016182794,-123.93538046301,"[-123.93539428710938, 48.40800857543945, -123.93537902832031, 48.408016204833984]",,,"[-123.93539428710938, 48.40800857543945, -123.93537902832031, 48.408016204833984]",original_place,
d4766e62-60b3-47cd-9a2c-f7445d867c8e,Stoked Wood Fired Pizzeria and Market,2908 Tieulie Pl,48.39445023,-123.93567957,"[-123.9356918334961, 48.39444351196289, -123.93567657470703, 48.39445114135742]",,,"[-123.9356918334961, 48.39444351196289, -123.93567657470703, 48.39445114135742]",original_place,
5984e80a-06e3-4dc4-806e-7360695dfd3b,French Beach Provincial Park,Juan De Fuca Hwy,48.39399453,-123.94277363,"[-123.94278717041016, 48.39399337768555, -123.9427719116211, 48.39400100708008]",,,"[-123.94278717041016, 48.39399337768555, -123.9427719116211, 48.39400100708008]",original_place,
55689903-fe9d-4035-b507-0e4745248f15,Flea Beach,Seaside Dr,48.38203367,-123.93157578,"[-123.93157958984375, 48.38202667236328, -123.93156433105469, 48.38203430175781]",,,"[-123.93157958984375, 48.38202667236328, -123.93156433105469, 48.38203430175781]",original_place,
e4891844-5bf3-4da7-a2e1-0829d4fbe973,Sheringham Distillery,2631 Seaside Dr,48.384452820338,-123.92884826629,"[-123.92884826660156, 48.38445281982422, -123.9288330078125, 48.38446044921875]",,,"[-123.92884826660156, 48.38445281982422, -123.9288330078125, 48.38446044921875]",original_place,
cbd9d62f-9aed-4056-9d25-f38fc16845d4,Livin' the Dream Farm,10069 W Coast Rd,48.39345019,-123.92943182,"[-123.929443359375, 48.3934440612793, -123.92942810058594, 48.39345169067383]",272be7c1-085e-47f9-91d1-b9146049c4c0,"[-123.9295425415039, 48.39340591430664, -123.92936706542969, 48.393558502197266]","[-123.9295425415039, 48.39340591430664, -123.92936706542969, 48.393558502197266]",building,
a47fd67d-7a7a-4a17-98dc-f51b3d16a1b8,Dream Threads,2840 Kirby Creek Rd,48.39246485,-123.90703859,"[-123.90705108642578, 48.39246368408203, -123.90703582763672, 48.39247131347656]",,,"[-123.90705108642578, 48.39246368408203, -123.90703582763672, 48.39247131347656]",original_place,
02e6e8b0-c281-4d42-9b91-dc7c5c114853,Shirley Delicious Cafe,2794 Sheringham Point Rd,48.38881162,-123.90538028,"[-123.9053955078125, 48.3888053894043, -123.90538024902344, 48.38881301879883]",56bf6539-d710-4a05-bd78-d5e1e94e2532,"[-123.9055404663086, 48.38869857788086, -123.90528869628906, 48.38886260986328]","[-123.9055404663086, 48.38869857788086, -123.90528869628906, 48.38886260986328]",building,
712f8d66-eb37-40d6-8797-a89b3d97b11a,Shirley Community Hall,2795 Sheringham Point Rd,48.38900605,-123.90367933,"[-123.90369415283203, 48.388999938964844, -123.90367889404297, 48.389007568359375]",68ae9e5e-f3b8-4369-9097-9e437fb643ee,"[-123.90386962890625, 48.38886260986328, -123.9036636352539, 48.38904571533203]","[-123.90386962890625, 48.38886260986328, -123.9036636352539, 48.38904571533203]",building,
1d4e8180-a33b-410c-af8d-6a87bfd717b5,Cloud 9 Glamping,"Kirby Creek Road, Shirley BC",48.38704,-123.90361,"[-123.90361022949219, 48.38703918457031, -123.90359497070312, 48.387046813964844]",,,"[-123.90361022949219, 48.38703918457031, -123.90359497070312, 48.387046813964844]",original_place,
fd888e3e-c80a-4605-91c9-8b98096619ca,Orveas Bay Resort,2577 Sunnybrae Rd,48.382058,-123.902915,"[-123.90291595458984, 48.382057189941406, -123.90290069580078, 48.38206481933594]",,,"[-123.90291595458984, 48.382057189941406, -123.90290069580078, 48.38206481933594]",original_place,
b85d1f68-7a7d-420b-a16f-19ceff0c5489,Sheringham Pt. Labradors,2685 Sheringham Point Rd,48.38387545,-123.90599196,"[-123.906005859375, 48.38386917114258, -123.90599060058594, 48.38387680053711]",,,"[-123.906005859375, 48.38386917114258, -123.90599060058594, 48.38387680053711]",original_place,
39492809-69cc-4a55-8fb4-4ce8b9703810,Sage Garden Services Ltd,2622 Sheringham Point Rd.,48.3828889,-123.9115588,"[-123.91156005859375, 48.38288879394531, -123.91154479980469, 48.382896423339844]",,,"[-123.91156005859375, 48.38288879394531, -123.91154479980469, 48.382896423339844]",original_place,
083554be-2e83-4d37-b0e4-b4e437763acb,Sheringham Point Lighthouse,1 Sheringham Point Rd,48.37671702,-123.92103322,"[-123.92103576660156, 48.37671661376953, -123.9210205078125, 48.37672424316406]",,,"[-123.92103576660156, 48.37671661376953, -123.9210205078125, 48.37672424316406]",original_place,
939a21bc-20c9-4617-aa78-bfcfaae2e224,Fishboat Bay Beach,,48.39434572,-123.97453057,"[-123.97453308105469, 48.394344329833984, -123.97451782226562, 48.394351959228516]",,,"[-123.97453308105469, 48.394344329833984, -123.97451782226562, 48.394351959228516]",original_place,
c09a3a7e-0649-4c1b-907b-41c01c03ba42,Point No Point Resort,10829 W Coast Rd,48.39782918,-123.98436709,"[-123.98436737060547, 48.397823333740234, -123.9843521118164, 48.397830963134766]",94469372-c1cb-4b6b-a68a-e56b451166b7,"[-123.98454284667969, 48.397727966308594, -123.98424530029297, 48.39790725708008]","[-123.98454284667969, 48.397727966308594, -123.98424530029297, 48.39790725708008]",building,
d3eb2ff1-98e4-4bbb-be29-bf3f65ea507a,Funky Forest Campground,10700 W Coast Rd,48.39616441,-123.97706561,"[-123.97706604003906, 48.39616394042969, -123.97705078125, 48.39617156982422]",,,"[-123.97706604003906, 48.39616394042969, -123.97705078125, 48.39617156982422]",original_place,
904f8ead-dde7-41d0-a805-7ddf5dbec7bd,Add-Life Painting,10586 Sherburne Drive,48.398133,-123.966739,"[-123.96675109863281, 48.39813232421875, -123.96673583984375, 48.39813995361328]",,,"[-123.96675109863281, 48.39813232421875, -123.96673583984375, 48.39813995361328]",original_place,
71a3a26d-2386-4703-b440-6c0ac0f8fd50,Well-Being Massage-Amy Sullivan-Turnbull RMT,10586 Sherburne Drive,48.398133,-123.966739,"[-123.96675109863281, 48.39813232421875, -123.96673583984375, 48.39813995361328]",,,"[-123.96675109863281, 48.39813232421875, -123.96673583984375, 48.39813995361328]",original_place,
4932acae-2744-4c6b-ade6-460a8f563182,The Bee View Suite,10602 Sherburne Dr,48.39858966,-123.96795893,"[-123.96797180175781, 48.398582458496094, -123.96795654296875, 48.398590087890625]",,,"[-123.96797180175781, 48.398582458496094, -123.96795654296875, 48.398590087890625]",original_place,
5a9e0eee-d258-477a-96a8-ff19faca3312,Checkerhead Brewing,10602 Sherburne Dr,48.39883804,-123.9679886,"[-123.96800231933594, 48.39883041381836, -123.96798706054688, 48.39883804321289]",11ea3c52-9671-4b5d-af97-fda7a593f252,"[-123.96810150146484, 48.398780822753906, -123.96788787841797, 48.398895263671875]","[-123.96810150146484, 48.398780822753906, -123.96788787841797, 48.398895263671875]",building,
75b9aa3e-ab61-44e5-a8ac-5b29a74fb5ba,Fossil Bay Resort,11033 W Coast Rd,48.40760693,-123.99642598,"[-123.99642944335938, 48.40760040283203, -123.99641418457031, 48.40760803222656]",44633788-2b8a-45f8-8cab-b1073092b499,"[-123.99649047851562, 48.40751647949219, -123.996337890625, 48.40763854980469]","[-123.99649047851562, 48.40751647949219, -123.996337890625, 48.40763854980469]",building,
9a70fe36-b9fc-4102-a3be-0638480b3f8b,Sandcut Wilderness Campground,11200 W Coast Rd,48.41158326,-124.0089789,"[-124.00897979736328, 48.411582946777344, -124.00896453857422, 48.411590576171875]",,,"[-124.00897979736328, 48.411582946777344, -124.00896453857422, 48.411590576171875]",original_place,
b55c5bad-bd99-4f90-bc45-6fb73feee196,"Bent Creek (vattendrag i Kanada, British Columbia)",,48.44549,-124.13581,"[-124.13581085205078, 48.44548416137695, -124.13579559326172, 48.445491790771484]",,,"[-124.13581085205078, 48.44548416137695, -124.13579559326172, 48.445491790771484]",original_place,
6653eeb2-16c3-4ea2-ba2d-e49ca0df7357,Pat Philip Creek,,48.44315,-124.12293,"[-124.12293243408203, 48.44314956665039, -124.12291717529297, 48.44315719604492]",,,"[-124.12293243408203, 48.44314956665039, -124.12291717529297, 48.44315719604492]",original_place,
fd14ed84-1130-4ce6-a5af-2ff17a9bf5d4,San Simon Point,,48.4325,-124.10678,"[-124.10678100585938, 48.432498931884766, -124.10676574707031, 48.4325065612793]",,,"[-124.10678100585938, 48.432498931884766, -124.10676574707031, 48.4325065612793]",original_place,
ebe764b1-5f80-40d4-9a3b-332976aa8b6e,Pete Wolf Creek,,48.43683471,-124.09877047,"[-124.09878540039062, 48.43682861328125, -124.09877014160156, 48.43683624267578]",,,"[-124.09878540039062, 48.43682861328125, -124.09877014160156, 48.43683624267578]",original_place,
8c7fff00-2e8c-4bd4-ada0-f17a7bfa4975,Mystic Beach,,48.4368884,-124.11328614,"[-124.11328887939453, 48.43688201904297, -124.11327362060547, 48.4368896484375]",,,"[-124.11328887939453, 48.43688201904297, -124.11327362060547, 48.4368896484375]",original_place,
92832955-b02c-4b53-93bb-bf4c9f93ef27,"McVicar Creek (vattendrag i Kanada, British Columbia)",,48.44073,-124.11371,"[-124.11372375488281, 48.44072341918945, -124.11370849609375, 48.440731048583984]",,,"[-124.11372375488281, 48.44072341918945, -124.11370849609375, 48.440731048583984]",original_place,
007d4b32-3d87-4b41-83ee-96f4ad1ec5d6,Uglow Creek,,48.43621,-124.08525,"[-124.08525085449219, 48.43620300292969, -124.08523559570312, 48.43621063232422]",,,"[-124.08525085449219, 48.43620300292969, -124.08523559570312, 48.43621063232422]",original_place,
86e3b1b2-4dd3-455a-a37c-af3abc65bdf5,Maidenhair Creek,,48.43623142,-124.0879366,"[-124.08795166015625, 48.43622970581055, -124.08793640136719, 48.43623733520508]",,,"[-124.08795166015625, 48.43622970581055, -124.08793640136719, 48.43623733520508]",original_place,
ee83c111-5c58-43e1-8dda-9d3268bcb880,"China Beach, Juan De Fuca Trail",,48.437571,-124.089889,"[-124.08988952636719, 48.437564849853516, -124.08987426757812, 48.43757247924805]",,,"[-124.08988952636719, 48.437564849853516, -124.08987426757812, 48.43757247924805]",original_place,
fcb46c83-137a-4438-932a-5196a709563a,China Beach,,48.4333,-124.09272,"[-124.09272003173828, 48.433292388916016, -124.09270477294922, 48.43330001831055]",,,"[-124.09272003173828, 48.433292388916016, -124.09270477294922, 48.43330001831055]",original_place,
85fc5d24-3874-433b-9bd5-283f45ccab6a,"First Creek (vattendrag i Kanada, British Columbia, Capital Regional District)",,48.42516,-124.07006,"[-124.07006072998047, 48.4251594543457, -124.0700454711914, 48.425167083740234]",,,"[-124.07006072998047, 48.4251594543457, -124.0700454711914, 48.425167083740234]",original_place,
9d299c82-0e23-4a49-afa2-f6c585810000,The Tides Luxury Beach House,3612 Petrel Dr,48.424528,-124.0738071,"[-124.07382202148438, 48.42452621459961, -124.07380676269531, 48.42453384399414]",,,"[-124.07382202148438, 48.42452621459961, -124.07380676269531, 48.42453384399414]",original_place,
e861e53c-08fe-4a4b-ae36-58e7b15cd80a,The VOW Cabin,3679 Whalers Cove Ln,48.42622,-124.06329,"[-124.06329345703125, 48.42621994018555, -124.06327819824219, 48.42622756958008]",,,"[-124.06329345703125, 48.42621994018555, -124.06327819824219, 48.42622756958008]",original_place,
241e8c39-3931-4e1f-894d-164176c56fbd,The Ledge Campground Jordan River,CWGR+VF,48.42684194593607,-124.05972669310742,"[-124.05973815917969, 48.426841735839844, -124.05972290039062, 48.426849365234375]",,,"[-124.05973815917969, 48.426841735839844, -124.05972290039062, 48.426849365234375]",original_place,
9bdc2dda-63ee-4d4c-be01-785802c91bc7,Jordan River Gravel & Excavating,12036 W Coast Road,48.4273354,-124.0575842,"[-124.05758666992188, 48.42733383178711, -124.05757141113281, 48.42734146118164]",,,"[-124.05758666992188, 48.42733383178711, -124.05757141113281, 48.42734146118164]",original_place,
2afc73de-8f57-4e21-8032-ed28d4dc084e,"Jordan River (vattendrag i Kanada, British Columbia, Capital Regional District)",,48.42527,-124.05247,"[-124.05248260498047, 48.425262451171875, -124.0524673461914, 48.425270080566406]",,,"[-124.05248260498047, 48.425262451171875, -124.0524673461914, 48.425270080566406]",original_place,
77c7d264-2d96-45de-8a69-ab489fcaf288,Cold Shoulder Cafe,11950 W Coast Rd,48.42274892,-124.05985921,"[-124.05986022949219, 48.42274856567383, -124.05984497070312, 48.42275619506836]",,,"[-124.05986022949219, 48.42274856567383, -124.05984497070312, 48.42275619506836]",original_place,
36e7010e-eb86-4f00-b4f4-9f398cd6f6ce,Sandcut Beach,,48.422165827221,-124.05828426861,"[-124.05829620361328, 48.42216491699219, -124.05828094482422, 48.42217254638672]",,,"[-124.05829620361328, 48.42216491699219, -124.05828094482422, 48.42217254638672]",original_place,
b936866f-7bd7-44c2-9ae3-332570a364f4,"River Jordan, British Columbia",,48.421944444444,-124.055,"[-124.05500030517578, 48.42194366455078, -124.05498504638672, 48.42195129394531]",,,"[-124.05500030517578, 48.42194366455078, -124.05498504638672, 48.42195129394531]",original_place,
c9167b90-9a84-4068-a9ff-1e146d5e7cde,Jordan River Campground,,48.42113,-124.05223883333,"[-124.05225372314453, 48.42112350463867, -124.05223846435547, 48.4211311340332]",,,"[-124.05225372314453, 48.42112350463867, -124.05223846435547, 48.4211311340332]",original_place,
3241146e-4e2b-49a4-9a0a-a37878ab3afa,Mystic Beach Vacation Home,,48.4393879,-124.06353324,"[-124.06354522705078, 48.43938064575195, -124.06352996826172, 48.439388275146484]",,,"[-124.06354522705078, 48.43938064575195, -124.06352996826172, 48.439388275146484]",original_place,
4827c930-2261-4628-accd-5736efff69c0,Juan de Fuca Marine Trail - China Beach Trailhead,,48.4356,-124.074178,"[-124.07418060302734, 48.43559265136719, -124.07416534423828, 48.43560028076172]",,,"[-124.07418060302734, 48.43559265136719, -124.07416534423828, 48.43560028076172]",original_place,
7e9ee7f8-319b-4a1a-b624-cb4f15f37c3b,Wildwood Terrace,Trailhead Dr,48.43199246,-124.06983697,"[-124.06983947753906, 48.43199157714844, -124.06982421875, 48.43199920654297]",,,"[-124.06983947753906, 48.43199157714844, -124.06982421875, 48.43199920654297]",original_place,
cdf21e71-9b1d-4704-aada-5d995b8f9fc7,Juan de Fuca Trail,,48.432718,-124.082359,"[-124.08235931396484, 48.432716369628906, -124.08234405517578, 48.43272399902344]",,,"[-124.08235931396484, 48.432716369628906, -124.08234405517578, 48.43272399902344]",original_place,
c8e235ef-8834-4d4c-925d-e751bb0534ed,Jordan Ridge,,48.47475606,-124.10993796,"[-124.10993957519531, 48.474754333496094, -124.10992431640625, 48.474761962890625]",,,"[-124.10993957519531, 48.474754333496094, -124.10992431640625, 48.474761962890625]",original_place,
2bab702d-fa7e-4494-8691-a81276bc0bb2,Fatt Creek,,48.44805,-124.14362,"[-124.14362335205078, 48.44804382324219, -124.14360809326172, 48.44805145263672]",,,"[-124.14362335205078, 48.44804382324219, -124.14360809326172, 48.44805145263672]",original_place,
6ae95d4e-19d5-4393-ae1f-2d879f7806e4,"Wye Lake (sjö i Kanada, British Columbia)",,48.52111,-124.0325,"[-124.03250122070312, 48.52110290527344, -124.03248596191406, 48.52111053466797]",,,"[-124.03250122070312, 48.52110290527344, -124.03248596191406, 48.52111053466797]",original_place,
e893f1bb-34e1-4502-8cc5-cd9ff9ffd12b,"Wye Creek (vattendrag i Kanada, British Columbia)",,48.49961,-124.01935,"[-124.01936340332031, 48.499603271484375, -124.01934814453125, 48.499610900878906]",,,"[-124.01936340332031, 48.499603271484375, -124.01934814453125, 48.499610900878906]",original_place,
37f8797c-fa94-41a3-a661-30c033d66795,Diversion Reservoir,,48.49961,-123.96935,"[-123.96935272216797, 48.499603271484375, -123.9693374633789, 48.499610900878906]",,,"[-123.96935272216797, 48.499603271484375, -123.9693374633789, 48.499610900878906]",original_place,
cd66f8ec-f9ad-4114-957b-867b64468375,"Walker Creek (vattendrag i Kanada, British Columbia, lat 48,50, long -123,99)",,48.49961,-123.98595,"[-123.9859619140625, 48.499603271484375, -123.98594665527344, 48.499610900878906]",,,"[-123.9859619140625, 48.499603271484375, -123.98594665527344, 48.499610900878906]",original_place,
bcbd1f95-a753-446c-9957-e8f18d3f7ee7,Bear Creek Reservoir,,48.49961,-123.90264,"[-123.90264129638672, 48.499603271484375, -123.90262603759766, 48.499610900878906]",,,"[-123.90264129638672, 48.499603271484375, -123.90262603759766, 48.499610900878906]",original_place,
d477e17c-373a-4eae-8b3d-7eb9b05f2dcc,Valentine Mountain,,48.52861432,-123.92416958,"[-123.9241714477539, 48.52861404418945, -123.92415618896484, 48.528621673583984]",,,"[-123.9241714477539, 48.52861404418945, -123.92415618896484, 48.528621673583984]",original_place,
6b01382c-da4d-4447-9faa-d4ddf9c21820,"Williams Creek (vattendrag i Kanada, British Columbia, lat 48,58, long -124,02)",,48.5829,-124.01936,"[-124.01936340332031, 48.58289337158203, -124.01934814453125, 48.58290100097656]",,,"[-124.01936340332031, 48.58289337158203, -124.01934814453125, 48.58290100097656]",original_place,
7b41fc43-190b-4461-95fd-8abc2203c870,Floodwood Creek (vattendrag i Kanada),,48.58291,-123.98596,"[-123.9859619140625, 48.582908630371094, -123.98594665527344, 48.582916259765625]",,,"[-123.9859619140625, 48.582908630371094, -123.98594665527344, 48.582916259765625]",original_place,
f2556031-04a8-472f-a183-300cdc49f5b7,Mount Todd,,48.61555773,-123.93611034,"[-123.93611145019531, 48.61555099487305, -123.93609619140625, 48.61555862426758]",,,"[-123.93611145019531, 48.61555099487305, -123.93609619140625, 48.61555862426758]",original_place,
b1f2a7b3-4044-4aff-98cc-3c4b62258e52,Garbage Creek,,48.5829,-124.10267,"[-124.1026840209961, 48.58289337158203, -124.10266876220703, 48.58290100097656]",,,"[-124.1026840209961, 48.58289337158203, -124.10266876220703, 48.58290100097656]",original_place,
53f2270c-4c75-49a1-8eef-f170022b9e3b,Blakeney Creek,,48.5829,-124.10267,"[-124.1026840209961, 48.58289337158203, -124.10266876220703, 48.58290100097656]",,,"[-124.1026840209961, 48.58289337158203, -124.10266876220703, 48.58290100097656]",original_place,
c8a4e602-4135-4fe1-8997-90134dbb5817,Seymour Range,,48.67544078,-124.02288125,"[-124.02289581298828, 48.67543411254883, -124.02288055419922, 48.67544174194336]",,,"[-124.02289581298828, 48.67543411254883, -124.02288055419922, 48.67544174194336]",original_place,
489291a9-ba30-4954-a038-e6f66f2340d4,Dimple Lake,,48.68284558,-124.12606196,"[-124.1260757446289, 48.682838439941406, -124.12606048583984, 48.68284606933594]",,,"[-124.1260757446289, 48.682838439941406, -124.12606048583984, 48.68284606933594]",original_place,
3059729a-2560-4b14-a41c-c33664c0dc46,Waterloo Mountain,,48.68527763,-123.93527245,"[-123.93528747558594, 48.68527603149414, -123.93527221679688, 48.68528366088867]",,,"[-123.93528747558594, 48.68527603149414, -123.93527221679688, 48.68528366088867]",original_place,
206a9eaf-73d0-4cc7-a959-8e7f283a875e,Wild Deer Lake,,48.6751697,-123.81012288,"[-123.81013488769531, 48.67516326904297, -123.81011962890625, 48.6751708984375]",,,"[-123.81013488769531, 48.67516326904297, -123.81011962890625, 48.6751708984375]",original_place,
b51eb503-3e83-4eec-a906-66c834e6553d,Tadjiss Lake,,48.69274982,-123.86304417,"[-123.86304473876953, 48.6927490234375, -123.86302947998047, 48.69275665283203]",,,"[-123.86304473876953, 48.6927490234375, -123.86302947998047, 48.69275665283203]",original_place,
e96ddc8e-9351-48ed-8491-0991f9365302,Cowichan Camp,5070 Riverbottom Rd W,48.75977107,-123.84227479,"[-123.84227752685547, 48.759769439697266, -123.8422622680664, 48.7597770690918]",,,"[-123.84227752685547, 48.759769439697266, -123.8422622680664, 48.7597770690918]",original_place,
b5fbb322-e345-4710-82c1-01efd40a6610,Sandy Pool Regional Park,Riverbottom Rd W,48.75930883,-123.83486271,"[-123.83487701416016, 48.759307861328125, -123.8348617553711, 48.759315490722656]",,,"[-123.83487701416016, 48.759307861328125, -123.8348617553711, 48.759315490722656]",original_place,
90f39080-e05b-4816-ba7c-a179930a5e52,Cowichan River Provincial Park East,W Riverbottom Rd,48.76118,-123.82248,"[-123.82249450683594, 48.761173248291016, -123.82247924804688, 48.76118087768555]",,,"[-123.82249450683594, 48.761173248291016, -123.82247924804688, 48.76118087768555]",original_place,
a2814b15-cd48-4f05-9c55-124ee411017b,Glenora Riverside Park,,48.76032000000001,-123.80085833,"[-123.80087280273438, 48.760318756103516, -123.80085754394531, 48.76032638549805]",,,"[-123.80087280273438, 48.760318756103516, -123.80085754394531, 48.76032638549805]",original_place,
ec35bf5d-f7b8-463e-b930-cf48e0ffa036,Holt Creek Trestle,Robertson Road,48.757286003109,-123.78652000654,"[-123.7865219116211, 48.75727844238281, -123.78650665283203, 48.757286071777344]",,,"[-123.7865219116211, 48.75727844238281, -123.78650665283203, 48.757286071777344]",original_place,
430335d3-a165-43ed-881d-f169a831d19f,Cowichan Fish and Game Association,4295 Robertson Rd,48.75851679,-123.78999079,"[-123.78999328613281, 48.75851058959961, -123.78997802734375, 48.75851821899414]",,,"[-123.78999328613281, 48.75851058959961, -123.78997802734375, 48.75851821899414]",original_place,
9a15fc93-7748-4757-ac51-933929062098,Gear 7 Motorsports,4165 Vaux Rd,48.7570701,-123.78188726,"[-123.78189086914062, 48.7570686340332, -123.78187561035156, 48.757076263427734]",,,"[-123.78189086914062, 48.7570686340332, -123.78187561035156, 48.757076263427734]",original_place,
bd78fcfd-1b26-48e0-a667-ec4f2b6ee77e,Glenora Head Trails Park,"Robertson Rd, Duncan, BC V9L 6S8",48.7562104,-123.7827645,"[-123.78276824951172, 48.75621032714844, -123.78275299072266, 48.75621795654297]",45046272-1c7b-4650-9b5f-49f781341379,"[-123.78277587890625, 48.75602722167969, -123.78257751464844, 48.75621795654297]","[-123.78277587890625, 48.75602722167969, -123.78257751464844, 48.75621795654297]",building,
11bc01c9-b0e0-4f79-9c67-d58cc879a72e,Keating Lake,,48.74460986,-123.7947896,"[-123.79479217529297, 48.74460983276367, -123.7947769165039, 48.7446174621582]",,,"[-123.79479217529297, 48.74460983276367, -123.7947769165039, 48.7446174621582]",original_place,
8e88290e-9051-45b5-91f3-f1a6992948c1,"Lois Lake (sjö i Kanada, British Columbia, lat 48,70, long -123,79)",,48.70389,-123.78917,"[-123.7891845703125, 48.70388412475586, -123.78916931152344, 48.70389175415039]",,,"[-123.7891845703125, 48.70388412475586, -123.78916931152344, 48.70389175415039]",original_place,
e0215936-241a-4765-96d6-41c6c8b6fe49,Koksilah Ridge,,48.69962092,-123.78313392,"[-123.78313446044922, 48.69961929321289, -123.78311920166016, 48.69962692260742]",,,"[-123.78313446044922, 48.69961929321289, -123.78311920166016, 48.69962692260742]",original_place,
f941545e-a0f1-485c-8a97-eee4a1ebe464,SP Pump & Tanks Ltd.,3811 Cavin Rd,48.747293059902916,-123.75882098084486,"[-123.75883483886719, 48.747291564941406, -123.75881958007812, 48.74729919433594]",,,"[-123.75883483886719, 48.747291564941406, -123.75881958007812, 48.74729919433594]",original_place,
11da2729-63f8-43df-8539-ec269ba780b1,Deerholme Farm,4830 Stelfox Rd,48.74483128,-123.76116916,"[-123.76116943359375, 48.74483108520508, -123.76115417480469, 48.74483871459961]",,,"[-123.76116943359375, 48.74483108520508, -123.76115417480469, 48.74483871459961]",original_place,
112d5bf6-8403-48bc-8f22-f54f45380fa2,Waters Edge Farm,4715 Waters Rd,48.74084419,-123.76724441,"[-123.76725769042969, 48.74083709716797, -123.76724243164062, 48.7408447265625]",,,"[-123.76725769042969, 48.74083709716797, -123.76724243164062, 48.7408447265625]",original_place,
e0a35dd7-5a89-491c-9351-2cf10c327441,Foxstone Stable,4770 Waters Rd,48.7429909,-123.7671878,"[-123.7671890258789, 48.742984771728516, -123.76717376708984, 48.74299240112305]",,,"[-123.7671890258789, 48.742984771728516, -123.76717376708984, 48.74299240112305]",original_place,
0d99d20d-1f04-4984-8a77-85039d0e6651,Glenora Farm,4766 Waters Rd,48.74283,-123.76721,"[-123.7672119140625, 48.742828369140625, -123.76719665527344, 48.742835998535156]",,,"[-123.7672119140625, 48.742828369140625, -123.76719665527344, 48.742835998535156]",original_place,
103474f4-6dcd-41bc-bb12-29788f66a2e5,Lester’s Butchering & Processing,3901 Rowe Rd,48.7519856,-123.7651441,"[-123.76514434814453, 48.75197982788086, -123.76512908935547, 48.75198745727539]",,,"[-123.76514434814453, 48.75197982788086, -123.76512908935547, 48.75198745727539]",original_place,
85f22824-d437-455c-a529-b7ef98807ada,Braun Custom Meat Processors,3901 Rowe Road,48.7519856,-123.7651441,"[-123.76514434814453, 48.75197982788086, -123.76512908935547, 48.75198745727539]",,,"[-123.76514434814453, 48.75197982788086, -123.76512908935547, 48.75198745727539]",original_place,
97f44d77-1227-4b09-b2da-723506c0577a,Our little farm,3865 Rowe Rd,48.75202,-123.761,"[-123.76100158691406, 48.75201416015625, -123.760986328125, 48.75202178955078]",,,"[-123.76100158691406, 48.75201416015625, -123.760986328125, 48.75202178955078]",original_place,
1609cfb0-2c6b-4267-9f88-aaf9e39033fb,Local Forage Farm,3930 Vaux Rd,48.755635420482,-123.76733222578,"[-123.767333984375, 48.75563430786133, -123.76731872558594, 48.75564193725586]",,,"[-123.767333984375, 48.75563430786133, -123.76731872558594, 48.75564193725586]",original_place,
42d27621-27d7-4423-93c1-580c183f7cd8,Kinsol,3965 Rowe Rd,48.752328613337,-123.76937853334,"[-123.76937866210938, 48.75232696533203, -123.76936340332031, 48.75233459472656]",,,"[-123.76937866210938, 48.75232696533203, -123.76936340332031, 48.75233459472656]",original_place,
0c6a459d-68fd-4f0f-acc5-9cee8c7f1a1f,Benoit & Associates Health Education,5175 Bills Rd,48.75982703,-123.76998246,"[-123.7699966430664, 48.75982666015625, -123.76998138427734, 48.75983428955078]",,,"[-123.7699966430664, 48.75982666015625, -123.76998138427734, 48.75983428955078]",original_place,
26f02d3a-a5ef-4461-8f3f-1b4dc98a3b6b,Vimy River,,48.760656216766876,-123.77287101308825,"[-123.77287292480469, 48.76065444946289, -123.77285766601562, 48.76066207885742]",,,"[-123.77287292480469, 48.76065444946289, -123.77285766601562, 48.76066207885742]",original_place,
07c5b9e3-f210-4bec-baa7-36c161a92661,Gone Fishin',#106-5301 Chaster Rd.,48.7642521,-123.7691538,"[-123.76915740966797, 48.764251708984375, -123.7691421508789, 48.764259338378906]",,,"[-123.76915740966797, 48.764251708984375, -123.7691421508789, 48.764259338378906]",original_place,
df18e643-71d3-48b5-9a87-935a3be58637,Roger's Furniture & Mattress Ltd,503-5301 Chaster Rd.,48.7642521,-123.7691538,"[-123.76915740966797, 48.764251708984375, -123.7691421508789, 48.764259338378906]",,,"[-123.76915740966797, 48.764251708984375, -123.7691421508789, 48.764259338378906]",original_place,
6c0b13e1-c1c0-4ace-9b27-a965af5a05d9,ancient FUTURES Clothing,5190 Bills Rd,48.76144114,-123.76939288,"[-123.76939392089844, 48.76144027709961, -123.76937866210938, 48.76144790649414]",,,"[-123.76939392089844, 48.76144027709961, -123.76937866210938, 48.76144790649414]",original_place,
6175c556-cfe8-48c8-bc32-c0f38a4b22f4,Wild Goose Qigong Centre,5215 Bills Rd,48.76153243,-123.76919055,"[-123.76920318603516, 48.761531829833984, -123.7691879272461, 48.761539459228516]",,,"[-123.76920318603516, 48.761531829833984, -123.7691879272461, 48.761539459228516]",original_place,
3bec6051-3c51-4919-93b8-1b9a1940d83b,Motrcycle Repair - MYCORepairs.com,3939 Vaux Rd,48.75738,-123.76642,"[-123.76643371582031, 48.75737380981445, -123.76641845703125, 48.757381439208984]",ad05fb29-272f-4053-9490-34146ded83ba,"[-123.76656341552734, 48.75730895996094, -123.76624298095703, 48.757469177246094]","[-123.76656341552734, 48.75730895996094, -123.76624298095703, 48.757469177246094]",building,
c282092f-a8ca-40b2-99a8-274ae0ef10a3,ExchangEnergy,101 – 6193 Scott Road,48.7587633,-123.7587363,"[-123.75875091552734, 48.75876235961914, -123.75873565673828, 48.75876998901367]",,,"[-123.75875091552734, 48.75876235961914, -123.75873565673828, 48.75876998901367]",original_place,
d4e2773a-108e-48f6-910b-3759dd7b7728,Glenorra Hall,,48.75578408335605,-123.74715669674232,"[-123.7471694946289, 48.75578308105469, -123.74715423583984, 48.75579071044922]",,,"[-123.7471694946289, 48.75578308105469, -123.74715423583984, 48.75579071044922]",original_place,
071a5a10-5dfe-4f3e-af83-0620756b11f6,Glenora Store and Cafe,5090 Indian Rd,48.75611201,-123.74645052,"[-123.74645233154297, 48.75611114501953, -123.7464370727539, 48.75611877441406]",,,"[-123.74645233154297, 48.75611114501953, -123.7464370727539, 48.75611877441406]",original_place,
a233ce6d-9b43-491a-91af-c03503684759,Zanatta Winery,5039 Marshall Rd,48.75433464,-123.74897075,"[-123.74898529052734, 48.75433349609375, -123.74897003173828, 48.75434112548828]",,,"[-123.74898529052734, 48.75433349609375, -123.74897003173828, 48.75434112548828]",original_place,
fa1f9c01-ccfa-4dea-8072-9902ae4dca0e,Glenora Community Association,3660 Glenora Rd,48.7548565,-123.7511306,"[-123.75114440917969, 48.75485610961914, -123.75112915039062, 48.75486373901367]",,,"[-123.75114440917969, 48.75485610961914, -123.75112915039062, 48.75486373901367]",original_place,
c5aa9dc0-a526-44ec-a8db-268af883849b,Middlemiss Farms,3560 Glenora Rd,48.75537038,-123.74203118,"[-123.74203491210938, 48.75536346435547, -123.74201965332031, 48.75537109375]",,,"[-123.74203491210938, 48.75536346435547, -123.74201965332031, 48.75537109375]",original_place,
1b22a71f-d70d-46cd-95e3-87ead9801de3,Botanacine,5130 indian road,48.7577038,-123.7433875,"[-123.74340057373047, 48.75769805908203, -123.7433853149414, 48.75770568847656]",,,"[-123.74340057373047, 48.75769805908203, -123.7433853149414, 48.75770568847656]",original_place,
e6e3e2c6-5306-40f4-a9f1-cc26a6a4fa71,Porlier Pass Contractors,5301 Indian Rd,48.76382984,-123.73734341,"[-123.73735809326172, 48.76382827758789, -123.73734283447266, 48.76383590698242]",,,"[-123.73735809326172, 48.76382827758789, -123.73734283447266, 48.76383590698242]",original_place,
849696c9-4e24-4204-89a5-f444a98058fe,Boots 'n' Roots Permaculture Farm,3467 Glenora Rd,48.7574805,-123.7349671,"[-123.73497009277344, 48.75747299194336, -123.73495483398438, 48.75748062133789]",,,"[-123.73497009277344, 48.75747299194336, -123.73495483398438, 48.75748062133789]",original_place,
dec3618b-736b-4a7c-ae8b-4bf35d83ad6f,Night Song Farm,3490 Glenora Rd,48.75682121,-123.73727331,"[-123.73727416992188, 48.75682067871094, -123.73725891113281, 48.75682830810547]",,,"[-123.73727416992188, 48.75682067871094, -123.73725891113281, 48.75682830810547]",original_place,
6e743bef-9732-44cc-bcb6-3276a9113160,Just Sew Embroidery Ltd,3430 Glenora Rd,48.757289,-123.733415,"[-123.73342895507812, 48.75728225708008, -123.73341369628906, 48.75728988647461]",4405590f-c546-4359-8f36-2c581f479888,"[-123.73356628417969, 48.75724792480469, -123.73326873779297, 48.75736999511719]","[-123.73356628417969, 48.75724792480469, -123.73326873779297, 48.75736999511719]",building,
123a1ca0-911e-479f-9a63-7497e5e71916,Alderlea Farm and Cafe,3390 Glenora Rd,48.75743543,-123.73179174,"[-123.73180389404297, 48.7574348449707, -123.7317886352539, 48.757442474365234]",,,"[-123.73180389404297, 48.7574348449707, -123.7317886352539, 48.757442474365234]",original_place,
714c110a-7c1e-405e-9479-2f0905753e90,Dellison Farm,4975 McLay Rd,48.75343158,-123.72499854,"[-123.72501373291016, 48.75342559814453, -123.7249984741211, 48.75343322753906]",,,"[-123.72501373291016, 48.75342559814453, -123.7249984741211, 48.75343322753906]",original_place,
1f409c20-9c07-4e6c-9e46-d12999c92696,Glenora Creek,,48.74963,-123.71936,"[-123.7193603515625, 48.749629974365234, -123.71934509277344, 48.749637603759766]",,,"[-123.7193603515625, 48.749629974365234, -123.71934509277344, 48.749637603759766]",original_place,
77f90807-bd50-4161-b982-55cfd2d18e55,Hi-Point Guest Ranch,3590 Cavin Rd,48.73593415177396,-123.74265309474073,"[-123.74266815185547, 48.73592758178711, -123.7426528930664, 48.73593521118164]",,,"[-123.74266815185547, 48.73592758178711, -123.7426528930664, 48.73593521118164]",original_place,
43969ffc-358b-4811-9efe-d9873f8c9cda,Fairburn Farm,3310 Jackson Rd,48.733229589075684,-123.72661063884576,"[-123.72662353515625, 48.73322296142578, -123.72660827636719, 48.73323059082031]",c49d0379-3f3f-4977-b679-f08d8e48730c,"[-123.72669982910156, 48.733219146728516, -123.7265396118164, 48.733314514160156]","[-123.72669982910156, 48.733219146728516, -123.7265396118164, 48.733314514160156]",building,
88ff37b1-91c1-4417-9f47-c3aa43ac98cd,VanValley Farm Ltd,4590 Koksilah Rd,48.73325,-123.69188,"[-123.69189453125, 48.73324966430664, -123.69187927246094, 48.73325729370117]",143f1a63-1dca-4bbd-bb15-e6b7b56b45ad,"[-123.6920394897461, 48.73301315307617, -123.69175720214844, 48.73330307006836]","[-123.6920394897461, 48.73301315307617, -123.69175720214844, 48.73330307006836]",building,
cb866e5d-ddf2-4410-b386-b4fb4c783767,Miller and Co. Wood Studio and Pottery,4540 Koksilah Rd,48.73169138,-123.68837044,"[-123.68838500976562, 48.731685638427734, -123.68836975097656, 48.731693267822266]",,,"[-123.68838500976562, 48.731685638427734, -123.68836975097656, 48.731693267822266]",original_place,
6b2da04d-1e05-40c0-87ae-cc78b3200ea0,Miller + Co Flower Farm,4540 Koksilah Rd,48.73118,-123.68748,"[-123.68749237060547, 48.731178283691406, -123.6874771118164, 48.73118591308594]",74d0f88c-3c53-4b1d-8928-093e730450a3,"[-123.68755340576172, 48.731117248535156, -123.6873779296875, 48.731231689453125]","[-123.68755340576172, 48.731117248535156, -123.6873779296875, 48.731231689453125]",building,
40480c08-c4e2-4b68-a086-37519552ce59,Cowichan Milk Company,4590 Koksilah Rd,48.73359807,-123.6917063,"[-123.69171905517578, 48.73359680175781, -123.69170379638672, 48.733604431152344]",,,"[-123.69171905517578, 48.73359680175781, -123.69170379638672, 48.733604431152344]",original_place,
94aff363-1b4d-4aff-93b0-d693d9c972d9,Froghome Farm,4575 Koksilah Rd,48.733294861354,-123.69034767151,"[-123.69036102294922, 48.7332878112793, -123.69034576416016, 48.73329544067383]",,,"[-123.69036102294922, 48.7332878112793, -123.69034576416016, 48.73329544067383]",original_place,
73488558-aa7a-4ad3-983c-c69dbae15c4f,Healing Hands Wellness,4720 Koksilah Rd,48.7396647,-123.698512,"[-123.69852447509766, 48.73965835571289, -123.6985092163086, 48.73966598510742]",,,"[-123.69852447509766, 48.73965835571289, -123.6985092163086, 48.73966598510742]",original_place,
c7a4f86a-26d3-4e6d-a5b0-8381c44b04ba,Fairbridge Chapel,4791 Fairbridge Dr,48.74377,-123.69611,"[-123.69611358642578, 48.7437629699707, -123.69609832763672, 48.743770599365234]",0a0a2784-697e-4deb-806c-49b1f811b98f,"[-123.69635772705078, 48.743656158447266, -123.69590759277344, 48.743900299072266]","[-123.69635772705078, 48.743656158447266, -123.69590759277344, 48.743900299072266]",building,
560a4692-1aa3-4c6e-b37f-6eda6486f1a5,Cowichan Bowmen Archery Club,3044 Doupe Rd,48.74818602,-123.708771,"[-123.70878601074219, 48.74818420410156, -123.70877075195312, 48.748191833496094]",,,"[-123.70878601074219, 48.74818420410156, -123.70877075195312, 48.748191833496094]",original_place,
4b0abd1a-56a7-474b-8b4a-9081579b980c,The Spooky Rooster,2925 Doupe Rd,48.75141107,-123.69942058,"[-123.69943237304688, 48.75140380859375, -123.69941711425781, 48.75141143798828]",,,"[-123.69943237304688, 48.75140380859375, -123.69941711425781, 48.75141143798828]",original_place,
382e7f5d-fdf1-4935-b9fc-28a47b7d3e12,Action Ultralights,5100 Langtry Rd,48.75590354,-123.71160346,"[-123.71161651611328, 48.755897521972656, -123.71160125732422, 48.75590515136719]",f30f10c1-fb0d-47e3-a621-f01220f464e5,"[-123.71236419677734, 48.7558708190918, -123.71144104003906, 48.75667953491211]","[-123.71236419677734, 48.7558708190918, -123.71144104003906, 48.75667953491211]",building,
503bf87f-bd02-476b-ab4b-343bd3cc734f,Duncan Airport,5100 Langtry Rd,48.75613988,-123.71141774,"[-123.71141815185547, 48.756134033203125, -123.7114028930664, 48.756141662597656]",,,"[-123.71141815185547, 48.756134033203125, -123.7114028930664, 48.756141662597656]",original_place,
a1d50237-6085-4204-8f3a-b06e9e14b6c5,Cowichan Tribes Kindergarten School,3121 Glenora Rd,48.763491,-123.713312,"[-123.71332550048828, 48.763484954833984, -123.71331024169922, 48.763492584228516]",e4cf358a-7553-48de-9227-66f8eb563de0,"[-123.71353912353516, 48.763267517089844, -123.71300506591797, 48.76382064819336]","[-123.71353912353516, 48.763267517089844, -123.71300506591797, 48.76382064819336]",building,
2cfe6b71-8db3-42d3-a616-19e9527ca65b,Quw'utsun Smuneem Elementary,3121 Glenora Rd,48.76383807,-123.71288306,"[-123.71289825439453, 48.763832092285156, -123.71288299560547, 48.76383972167969]",eeb32652-652a-4f56-8d1e-26e334232ce1,"[-123.71295928955078, 48.763763427734375, -123.71282196044922, 48.76388931274414]","[-123.71295928955078, 48.763763427734375, -123.71282196044922, 48.76388931274414]",building,
854cd82f-7a0b-4e5a-b2b6-c821f28d78b4,Richard's Island Perimeter Drains,5580 Riverbottom,48.7627253,-123.7042629,"[-123.70427703857422, 48.762718200683594, -123.70426177978516, 48.762725830078125]",,,"[-123.70427703857422, 48.762718200683594, -123.70426177978516, 48.762725830078125]",original_place,
19e125a4-d4b5-4ec0-8036-23fb88b8c96f,Bake My Day,3030 Dogwood Rd,48.76451381,-123.70616154,"[-123.7061767578125, 48.76450729370117, -123.70616149902344, 48.7645149230957]",,,"[-123.7061767578125, 48.76450729370117, -123.70616149902344, 48.7645149230957]",original_place,
4be5578d-ce43-483d-a4d8-17ba57758ca4,Topaws Grooming Salon,5302 Koksilah Rd,48.76468411,-123.70096923,"[-123.70098114013672, 48.76468276977539, -123.70096588134766, 48.76469039916992]",,,"[-123.70098114013672, 48.76468276977539, -123.70096588134766, 48.76469039916992]",original_place,
6a2409c7-8521-4c3d-a76d-e803d87ee5a2,H B Electric,2922 Allenby,48.76477576,-123.69974476,"[-123.69974517822266, 48.764774322509766, -123.6997299194336, 48.7647819519043]",006c4d1e-1c3b-48da-bd9c-9eaa7d565e9e,"[-123.69989013671875, 48.76464080810547, -123.69964599609375, 48.764949798583984]","[-123.69989013671875, 48.76464080810547, -123.69964599609375, 48.764949798583984]",building,
633fe0d6-5e0a-4589-9302-f2a698b70716,David Coulson Design,5241 Koksilah Road,48.76288193,-123.70019523,"[-123.7001953125, 48.762874603271484, -123.70018005371094, 48.762882232666016]",6ee4e6c9-7b31-4b48-8315-82d9c41109ed,"[-123.70030975341797, 48.762821197509766, -123.70008087158203, 48.762962341308594]","[-123.70030975341797, 48.762821197509766, -123.70008087158203, 48.762962341308594]",building,
fff15fa5-1367-4926-8cd0-5eb0849914b9,McLay Heritage Guest House,,48.76283108109154,-123.70009284941956,"[-123.7000961303711, 48.76282501220703, -123.70008087158203, 48.76283264160156]",,,"[-123.7000961303711, 48.76282501220703, -123.70008087158203, 48.76283264160156]",original_place,
f54af208-bedd-4449-a5fc-39f29c6647d0,Sierra Roofing,5237 Miller Rd,48.76128832,-123.70205496,"[-123.70205688476562, 48.761287689208984, -123.70204162597656, 48.761295318603516]",,,"[-123.70205688476562, 48.761287689208984, -123.70204162597656, 48.761295318603516]",original_place,
10520c14-f01f-4d91-8de9-6ef85886a9a1,Keating Farm,5250 Miller Rd,48.76075385,-123.70159194,"[-123.70160675048828, 48.7607536315918, -123.70159149169922, 48.76076126098633]",,,"[-123.70160675048828, 48.7607536315918, -123.70159149169922, 48.76076126098633]",original_place,
d345bcb4-f14e-4c38-8a16-f71333533754,Old Koksilah School Museum,5213 Koksilah Rd,48.760094,-123.699425,"[-123.6994400024414, 48.760093688964844, -123.69942474365234, 48.760101318359375]",,,"[-123.6994400024414, 48.760093688964844, -123.69942474365234, 48.760101318359375]",original_place,
5a4d9211-75f0-4902-8199-52641947732b,Duncan Flying Club,5100 Langtry Rd,48.75659933,-123.70585483,"[-123.70585632324219, 48.756591796875, -123.70584106445312, 48.75659942626953]",,,"[-123.70585632324219, 48.756591796875, -123.70584106445312, 48.75659942626953]",original_place,
347be107-3c1e-4583-8e17-73e246b0f468,Sunbelt Rentals,5130 Polkey Road,48.759571,-123.6931837,"[-123.69318389892578, 48.75956344604492, -123.69316864013672, 48.75957107543945]",,,"[-123.69318389892578, 48.75956344604492, -123.69316864013672, 48.75957107543945]",original_place,
ed5881e1-cf46-4bb8-8f85-1c8774fa6a6a,Darias Heating and Air Conditioning,5136 Polkey Rd,48.759457,-123.693592,"[-123.693603515625, 48.759456634521484, -123.69358825683594, 48.759464263916016]",c8e351c3-9fa1-48f7-801f-551b5890be28,"[-123.69369506835938, 48.7593879699707, -123.69348907470703, 48.7597770690918]","[-123.69369506835938, 48.7593879699707, -123.69348907470703, 48.7597770690918]",building,
5fb47df5-19e5-413a-8c61-954e5f3e6216,Island Equipment Rentals,5130 Polkey Rd,48.75963330440365,-123.69287553592649,"[-123.69287872314453, 48.7596321105957, -123.69286346435547, 48.759639739990234]",6c545333-638c-463a-8bad-c6b554c9596c,"[-123.69292449951172, 48.75949478149414, -123.69276428222656, 48.759708404541016]","[-123.69292449951172, 48.75949478149414, -123.69276428222656, 48.759708404541016]",building,
66f37fdc-16d2-491e-b6d9-a29f68873f3a,Fenstur Windows and Doors,5120 Polkey Rd,48.7598088,-123.69259383,"[-123.69259643554688, 48.75980758666992, -123.69258117675781, 48.75981521606445]",,,"[-123.69259643554688, 48.75980758666992, -123.69258117675781, 48.75981521606445]",original_place,
825f4f9f-665e-4526-b0f1-a1917351d6ba,Mid Island Self Storage,5120 Polkey Rd,48.75979236,-123.69238154,"[-123.6923828125, 48.75979232788086, -123.69236755371094, 48.75979995727539]",,,"[-123.6923828125, 48.75979232788086, -123.69236755371094, 48.75979995727539]",original_place,
b0aa3da6-55a4-44e8-9a65-d23307967648,Columbia Ice,4970 Polkey rd,48.760592815062374,-123.69248084907514,"[-123.6924819946289, 48.76058578491211, -123.69246673583984, 48.76059341430664]",8e47d3d2-103a-4445-b8f0-534e7c2220ca,"[-123.69258117675781, 48.76057815551758, -123.6923828125, 48.76069641113281]","[-123.69258117675781, 48.76057815551758, -123.6923828125, 48.76069641113281]",building,
cab8dd30-98a9-45f3-ada5-3dc9b386b178,CSN Cowichan Collision Ltd,5194 Mearns Rd,48.76065086,-123.69294777,"[-123.69296264648438, 48.760650634765625, -123.69294738769531, 48.760658264160156]",,,"[-123.69296264648438, 48.760650634765625, -123.69294738769531, 48.760658264160156]",original_place,
db04319c-2224-48da-b282-6b858428dbfd,Dean's Marine,5147 Polkey Rd,48.760207,-123.693169,"[-123.69318389892578, 48.76020050048828, -123.69316864013672, 48.76020812988281]",c2ce2678-7957-440c-94f8-10ab3e29c73a,"[-123.69344329833984, 48.76015853881836, -123.69303131103516, 48.76047897338867]","[-123.69344329833984, 48.76015853881836, -123.69303131103516, 48.76047897338867]",building,
1b6255c5-99a1-4702-9770-01947c67a1df,Octopus Point Furniture Co Ltd,5141 Polkey Rd,48.760171,-123.693246,"[-123.6932601928711, 48.760169982910156, -123.69324493408203, 48.76017761230469]",c2ce2678-7957-440c-94f8-10ab3e29c73a,"[-123.69344329833984, 48.76015853881836, -123.69303131103516, 48.76047897338867]","[-123.69344329833984, 48.76015853881836, -123.69303131103516, 48.76047897338867]",building,
0615cc3e-b681-4075-8d4a-8540b53f80b7,HazForce Environmental Ltd,5141 Polkey Rd,48.76025372,-123.69358225,"[-123.69359588623047, 48.76024627685547, -123.6935806274414, 48.76025390625]",312ded57-0afb-43cd-8169-11e79ae40aa2,"[-123.69366455078125, 48.760223388671875, -123.69346618652344, 48.76059341430664]","[-123.69366455078125, 48.760223388671875, -123.69346618652344, 48.76059341430664]",building,
b6f07ced-0d2d-4efd-8a27-719be47107cc,McPherson Cabinetry Ltd,5141 Polkey Rd,48.7602512,-123.6936031,"[-123.693603515625, 48.760250091552734, -123.69358825683594, 48.760257720947266]",312ded57-0afb-43cd-8169-11e79ae40aa2,"[-123.69366455078125, 48.760223388671875, -123.69346618652344, 48.76059341430664]","[-123.69366455078125, 48.760223388671875, -123.69346618652344, 48.76059341430664]",building,
18b4c7f5-8b4c-46d4-a818-bf85a744d5e0,Ace Autosports,5147 Polkey Rd,48.76026201,-123.69443011,"[-123.69444274902344, 48.76026153564453, -123.69442749023438, 48.76026916503906]",,,"[-123.69444274902344, 48.76026153564453, -123.69442749023438, 48.76026916503906]",original_place,
2fdb834b-7254-4c0f-a3ed-2f8de7ab5b45,Windsor Plywood,5146 Polkey Rd,48.75988759,-123.694457,"[-123.6944580078125, 48.75988006591797, -123.69444274902344, 48.7598876953125]",,,"[-123.6944580078125, 48.75988006591797, -123.69444274902344, 48.7598876953125]",original_place,
b856a8f5-429a-4d8d-986d-8018f3e66859,Easymove Storage and Container Services,5163 Polkey Road,48.7601288,-123.694807,"[-123.69480895996094, 48.760128021240234, -123.69479370117188, 48.760135650634766]",,,"[-123.69480895996094, 48.760128021240234, -123.69479370117188, 48.760135650634766]",original_place,
05d837ff-7d51-4191-af89-dc1cfe9340a9,ICBC Claim Centre,5151 Polkey Rd,48.7605003,-123.69474818,"[-123.69476318359375, 48.760494232177734, -123.69474792480469, 48.760501861572266]",3c700eb1-f534-46cb-8767-feb408613e06,"[-123.69515228271484, 48.760414123535156, -123.69466400146484, 48.76068115234375]","[-123.69515228271484, 48.760414123535156, -123.69466400146484, 48.76068115234375]",building,
a1947a3c-d014-4aa1-a1ec-7c3c2f80235f,Ramona's Bakery,5206 Hykawy Rd,48.760247620754,-123.69711741436,"[-123.6971206665039, 48.76024627685547, -123.69710540771484, 48.76025390625]",,,"[-123.6971206665039, 48.76024627685547, -123.69710540771484, 48.76025390625]",original_place,
22e2a768-7570-4431-8b64-76ac6568656d,Berks Intertruck Ltd,2866 Roberts Rd,48.76152215,-123.69638371,"[-123.69639587402344, 48.76152038574219, -123.69638061523438, 48.76152801513672]",,,"[-123.69639587402344, 48.76152038574219, -123.69638061523438, 48.76152801513672]",original_place,
345489bf-4287-4333-9c01-1ec662aad589,Wainbee Limited,2867 Roberts Road,48.7617362,-123.6964313,"[-123.6964340209961, 48.7617301940918, -123.69641876220703, 48.76173782348633]",,,"[-123.6964340209961, 48.7617301940918, -123.69641876220703, 48.76173782348633]",original_place,
a67971af-f81d-4d73-9882-2f8b491342ed,Accent Garage Doors,3-5250 Polkey Rd,48.76237179066039,-123.69649920977083,"[-123.69650268554688, 48.76237106323242, -123.69648742675781, 48.76237869262695]",bc0ccfcf-5059-4dce-9bd4-80636fb29ec4,"[-123.69654846191406, 48.762264251708984, -123.69612884521484, 48.76247024536133]","[-123.69654846191406, 48.762264251708984, -123.69612884521484, 48.76247024536133]",building,
02e54d0e-6cee-4eec-af07-ec26b29dc5f8,Surepoint Island Division,5266 Boal Rd,48.76275854,-123.69653262,"[-123.696533203125, 48.762752532958984, -123.69651794433594, 48.762760162353516]",aba9d11b-dc15-4245-87e9-4d06640036ac,"[-123.69660949707031, 48.762718200683594, -123.69639587402344, 48.76282501220703]","[-123.69660949707031, 48.762718200683594, -123.69639587402344, 48.76282501220703]",building,
a004368b-9dbc-47ab-9def-9926506f956a,Optimus Electric,5266 Boal Rd,48.76287376,-123.6965057,"[-123.69651794433594, 48.76286697387695, -123.69650268554688, 48.762874603271484]",,,"[-123.69651794433594, 48.76286697387695, -123.69650268554688, 48.762874603271484]",original_place,
b6da473c-7826-45b2-97f4-d4d870d18793,Dickson & Fraser Auto Repair,5237 Polkey Rd,48.76237083,-123.69666826,"[-123.69667053222656, 48.76236343383789, -123.6966552734375, 48.76237106323242]",,,"[-123.69667053222656, 48.76236343383789, -123.6966552734375, 48.76237106323242]",original_place,
2ae5cb71-aa8e-4e63-bd21-ab7cb24c93fb,SB Window and Door,5272 Boal Rd,48.76308308,-123.69764827,"[-123.69766235351562, 48.76307678222656, -123.69764709472656, 48.763084411621094]",,,"[-123.69766235351562, 48.76307678222656, -123.69764709472656, 48.763084411621094]",original_place,
ec713c7a-3548-4b31-b8d8-d814f27d852d,Cowichan Valley Regional Transit,5280 Polkey Rd,48.763321,-123.69763,"[-123.6976318359375, 48.76332092285156, -123.69761657714844, 48.763328552246094]",e37c54d2-db36-4dad-ac5a-9e492557f1fb,"[-123.69808959960938, 48.76312255859375, -123.69747161865234, 48.76338577270508]","[-123.69808959960938, 48.76312255859375, -123.69747161865234, 48.76338577270508]",building,
8497cd35-5c01-4972-8dfd-e7f5d2a50247,Easthom Electric (2021) Ltd,5280 Polkey Rd,48.763625,-123.698363,"[-123.6983642578125, 48.76361846923828, -123.69834899902344, 48.76362609863281]",d5fc40ad-2967-4ea0-9a18-034eec259c02,"[-123.69867706298828, 48.763553619384766, -123.69769287109375, 48.76371383666992]","[-123.69867706298828, 48.763553619384766, -123.69769287109375, 48.76371383666992]",building,
b2fc44a6-b50f-457b-bf79-b84d14c344ee,McBarley's,5280 Polkey Rd,48.76369264,-123.69796652,"[-123.69796752929688, 48.76369094848633, -123.69795227050781, 48.76369857788086]",d5fc40ad-2967-4ea0-9a18-034eec259c02,"[-123.69867706298828, 48.763553619384766, -123.69769287109375, 48.76371383666992]","[-123.69867706298828, 48.763553619384766, -123.69769287109375, 48.76371383666992]",building,
d969763e-ce9c-4644-909a-46b1914e71b9,E.B. Horsman & Son,5286 Polkey Rd,48.76387273,-123.69815076,"[-123.69816589355469, 48.76386642456055, -123.69815063476562, 48.76387405395508]",,,"[-123.69816589355469, 48.76386642456055, -123.69815063476562, 48.76387405395508]",original_place,
cad71cc2-c773-44a7-85b3-8676d5218e2b,Duncan Iron Works,2911 Allenby Rd,48.76506036,-123.69854096,"[-123.69855499267578, 48.765052795410156, -123.69853973388672, 48.76506042480469]",,,"[-123.69855499267578, 48.765052795410156, -123.69853973388672, 48.76506042480469]",original_place,
cfb9b5d2-552d-4a03-9ba3-caf60a57b50f,Special Occasions Ltd,2900 Allenby Rd,48.76438094,-123.69744962,"[-123.69746398925781, 48.764373779296875, -123.69744873046875, 48.764381408691406]",,,"[-123.69746398925781, 48.764373779296875, -123.69744873046875, 48.764381408691406]",original_place,
f129585a-4b54-418d-8421-9cfd9b25bd8b,Matrix Marble & Stone,2890 Allenby Rd,48.76459656,-123.69614088,"[-123.6961441040039, 48.76459503173828, -123.69612884521484, 48.76460266113281]",8b602f6c-e0bb-4848-b557-55405af8eb4b,"[-123.69634246826172, 48.764366149902344, -123.69586181640625, 48.76473617553711]","[-123.69634246826172, 48.764366149902344, -123.69586181640625, 48.76473617553711]",building,
a8d2e26b-875d-47b5-964b-a220df20b340,VIU Hairdressing program - Cowichan,5265 Boal Rd,48.7631049,-123.6968939,"[-123.69690704345703, 48.76310348510742, -123.69689178466797, 48.76311111450195]",,,"[-123.69690704345703, 48.76310348510742, -123.69689178466797, 48.76311111450195]",original_place,
0b9dfb38-33f1-486d-bd8a-baad5a5ce4a5,Cowboy Jim Sinclair,5267 Boal Rd,48.76311,-123.69694,"[-123.69695281982422, 48.76310348510742, -123.69693756103516, 48.76311111450195]",,,"[-123.69695281982422, 48.76310348510742, -123.69693756103516, 48.76311111450195]",original_place,
bb2e9856-788f-4b80-a60e-9b0718902563,Traveland RV,5267 Boal Rd,48.76363983,-123.69514308,"[-123.69514465332031, 48.763633728027344, -123.69512939453125, 48.763641357421875]",dd5182a2-e144-4d0e-8030-5cddeb24fc6e,"[-123.6957015991211, 48.76359939575195, -123.6946792602539, 48.76384735107422]","[-123.6957015991211, 48.76359939575195, -123.6946792602539, 48.76384735107422]",building,
cd0cb456-039f-466d-bfc0-3dd8eb8cdd4e,Equine Emporium,5311 Trans Canada Hwy,48.7649598,-123.6953229,"[-123.6953353881836, 48.76495361328125, -123.69532012939453, 48.76496124267578]",,,"[-123.6953353881836, 48.76495361328125, -123.69532012939453, 48.76496124267578]",original_place,
91fc97b6-fe35-427b-836b-2de8f21155e7,Hanks Cowichan,"5311 Trans Canada Hwy, Cowichan Valley, BC V9L 5J2, Canada",48.765038127336,-123.69495010377,"[-123.69495391845703, 48.765037536621094, -123.69493865966797, 48.765045166015625]",,,"[-123.69495391845703, 48.765037536621094, -123.69493865966797, 48.765045166015625]",original_place,
bb1b7431-a34f-40d2-b9b6-eb1993806f72,The Thermoproof Store,5311 #3 Trans Canada Hwy,48.765013589460395,-123.69481161951225,"[-123.69482421875, 48.76500701904297, -123.69480895996094, 48.7650146484375]",,,"[-123.69482421875, 48.76500701904297, -123.69480895996094, 48.7650146484375]",original_place,
90a46be6-5406-4360-b655-a5be11445816,Cabinet World,5301 Chaster Road,48.7646792,-123.6937869,"[-123.69380187988281, 48.764678955078125, -123.69378662109375, 48.764686584472656]",,,"[-123.69380187988281, 48.764678955078125, -123.69378662109375, 48.764686584472656]",original_place,
190c6501-f119-4961-83b9-aa129056ca29,Pickles' Pantry,"5311 Trans Canada Hwy, Cowichan Valley, BC V9L 5J2, Canada",48.76424,-123.69364,"[-123.69364166259766, 48.76423263549805, -123.6936264038086, 48.76424026489258]",,,"[-123.69364166259766, 48.76423263549805, -123.6936264038086, 48.76424026489258]",original_place,
be9f4e94-5d25-439b-8bdb-cce060715d89,UniFirst Uniforms - Duncan,"5301 Chaster Rd, #401",48.7641576664487,-123.692939137298,"[-123.69293975830078, 48.764156341552734, -123.69292449951172, 48.764163970947266]",c6933bfd-6048-4510-a247-582c046890fa,"[-123.69348907470703, 48.764041900634766, -123.69261932373047, 48.764549255371094]","[-123.69348907470703, 48.764041900634766, -123.69261932373047, 48.764549255371094]",building,
98e7bf47-05e3-41e8-8d19-c45c9b943f94,Stillhead Distillery,5301 Chaster Rd #105,48.76437318,-123.69296267,"[-123.69297790527344, 48.764366149902344, -123.69296264648438, 48.764373779296875]",c6933bfd-6048-4510-a247-582c046890fa,"[-123.69348907470703, 48.764041900634766, -123.69261932373047, 48.764549255371094]","[-123.69348907470703, 48.764041900634766, -123.69261932373047, 48.764549255371094]",building,
349473c4-42fd-4e6a-a7ad-c1f638ccc7c4,Fastenal Canada,5301 Chaster Rd,48.7644556,-123.6928911,"[-123.6928939819336, 48.76445388793945, -123.69287872314453, 48.764461517333984]",,,"[-123.6928939819336, 48.76445388793945, -123.69287872314453, 48.764461517333984]",original_place,
ef2c56b8-5143-4fca-ba32-181381cba6db,Cap-it Duncan,803 5301 Chaster Rd,48.7644556,-123.6928911,"[-123.6928939819336, 48.76445388793945, -123.69287872314453, 48.764461517333984]",,,"[-123.6928939819336, 48.76445388793945, -123.69287872314453, 48.764461517333984]",original_place,
17df2464-eec6-4205-aaee-41263402e9f0,EECOL Electric,708 - 5301 Chaster Road,48.7644556,-123.6928911,"[-123.6928939819336, 48.76445388793945, -123.69287872314453, 48.764461517333984]",,,"[-123.6928939819336, 48.76445388793945, -123.69287872314453, 48.764461517333984]",original_place,
30b6ffdf-fdcb-4440-9602-2b53136b650d,Speedy Glass,5301 Chaster road,48.764385,-123.693238,"[-123.69325256347656, 48.76437759399414, -123.6932373046875, 48.76438522338867]",c6933bfd-6048-4510-a247-582c046890fa,"[-123.69348907470703, 48.764041900634766, -123.69261932373047, 48.764549255371094]","[-123.69348907470703, 48.764041900634766, -123.69261932373047, 48.764549255371094]",building,
b3b80931-69b0-4635-9bf9-ba1409cfe5af,Active Body Training,5301 Chaster Rd,48.7643403045524,-123.69322376461197,"[-123.6932373046875, 48.764339447021484, -123.69322204589844, 48.764347076416016]",c6933bfd-6048-4510-a247-582c046890fa,"[-123.69348907470703, 48.764041900634766, -123.69261932373047, 48.764549255371094]","[-123.69348907470703, 48.764041900634766, -123.69261932373047, 48.764549255371094]",building,
60d28a2d-9b95-4982-a4dc-c1100db20b23,Fastenal Co,5301 Chaster Rd,48.7642833494017,-123.69321857841355,"[-123.69322204589844, 48.7642822265625, -123.69320678710938, 48.76428985595703]",c6933bfd-6048-4510-a247-582c046890fa,"[-123.69348907470703, 48.764041900634766, -123.69261932373047, 48.764549255371094]","[-123.69348907470703, 48.764041900634766, -123.69261932373047, 48.764549255371094]",building,
a3d23eed-5b4f-497a-80c1-bb865d8a8143,Deadhead Brew Co,5301 Chaster Rd #203,48.76446243,-123.69258559,"[-123.69258880615234, 48.764461517333984, -123.69257354736328, 48.764469146728516]",bb650506-b4e5-4927-a50f-718e17530972,"[-123.69268798828125, 48.76432800292969, -123.69235229492188, 48.764739990234375]","[-123.69268798828125, 48.76432800292969, -123.69235229492188, 48.764739990234375]",building,
a9f92749-2567-4401-836a-0712ea69a598,Small Block Brewing Co,203-5301 Chaster Rd,48.76446148827333,-123.6925920434812,"[-123.6926040649414, 48.76445388793945, -123.69258880615234, 48.764461517333984]",bb650506-b4e5-4927-a50f-718e17530972,"[-123.69268798828125, 48.76432800292969, -123.69235229492188, 48.764739990234375]","[-123.69268798828125, 48.76432800292969, -123.69235229492188, 48.764739990234375]",building,
0e9a8ab2-65c0-4ce5-bfb8-0c10ac072a89,U-Haul Neighborhood Dealer,5275 Chaster Rd,48.763561,-123.691825,"[-123.69182586669922, 48.763553619384766, -123.69181060791016, 48.7635612487793]",d7194fa0-5341-4870-b364-69acc78aa728,"[-123.69205474853516, 48.76340103149414, -123.69160461425781, 48.76371765136719]","[-123.69205474853516, 48.76340103149414, -123.69160461425781, 48.76371765136719]",building,
25e475b7-6dbb-4a96-8f0f-d3993eb8a7aa,Fit Your Way,5301 Chaster Rd,48.763521,-123.691944,"[-123.69195556640625, 48.763519287109375, -123.69194030761719, 48.763526916503906]",d7194fa0-5341-4870-b364-69acc78aa728,"[-123.69205474853516, 48.76340103149414, -123.69160461425781, 48.76371765136719]","[-123.69205474853516, 48.76340103149414, -123.69160461425781, 48.76371765136719]",building,
2e8b0097-60e3-440c-94d2-d657aae653d1,BC Aquifer,5295 Trans Canada Hwy,48.7635687,-123.6926699,"[-123.69267272949219, 48.7635612487793, -123.69265747070312, 48.76356887817383]",,,"[-123.69267272949219, 48.7635612487793, -123.69265747070312, 48.76356887817383]",original_place,
95c6531d-f648-430e-85c6-aa357b0d20e2,Deans Marine Ltd,5295 Chaster Rd #2,48.76375646,-123.69238628,"[-123.69239807128906, 48.763755798339844, -123.6923828125, 48.763763427734375]",,,"[-123.69239807128906, 48.763755798339844, -123.6923828125, 48.763763427734375]",original_place,
cb2d8948-79c3-4f6d-9649-050deca11089,Kal Tire,5295 Trans Canada Hwy,48.763912,-123.692404,"[-123.6924057006836, 48.7639045715332, -123.69239044189453, 48.763912200927734]",f51f2cdc-47f6-4903-a655-c237acff69f7,"[-123.69275665283203, 48.76375961303711, -123.69221496582031, 48.76401901245117]","[-123.69275665283203, 48.76375961303711, -123.69221496582031, 48.76401901245117]",building,
